HARPNUM,NOAA,Number,Class,Peak,Time,USFLUX,MEANGBT,MEANJZH,MEANPOT,SHRGT45,TOTUSJH,MEANGBH,MEANALP,MEANGAM,MEANGBZ,MEANJZD,TOTUSJZ,SAVNCPP,TOTPOT,MEANSHR,AREA_ACR,Class Value
377,11158,22,2011.02.14 01:56,2.29E+22,103.723,0.01958899,14129.66,56.345,3015.888,74.86,0.04121538,60.431,111.241,0.10676716,5.41E+13,1.20E+13,7.14E+23,51.393,945.314636,4.805,745.381,1
401,11166,2,2011.03.06 14:30,2.35E+22,90.899,-0.00173849,9597.931,45.475,1744.633,54.893,-0.00405663,51.832,95.061,0.13252671,3.94E+13,5.05E+12,4.86E+23,44.73,961.502686,4.303,66.343,1
393,11164,3.7,2011.03.06 20:12,6.35E+22,89.238,0.00668007,8901.316,28.829,4435.788,47.789,0.01490614,41.47,97.15,-0.07817341,8.58E+13,3.42E+13,1.10E+24,36.08,1934.446167,4.842,619.857,1
637,11226,2.5,2011.06.06 06:41,2.65E+22,104.938,0.0076348,3160.181,14.941,1671.507,45.459,0.02924855,35.535,105.271,0.01902856,3.91E+13,1.93E+13,2.00E+23,29.753,970.551636,3.967,364.119,1
750,11261,6,2011.08.02 13:48,2.17E+22,105.247,0.02639428,9839.566,42.92,2712.405,68.542,0.07782652,53.33,108.889,0.29631871,5.15E+13,4.45E+13,5.37E+23,43.722,1259.099854,4.777,1084.488,1
750,11261,9.3,2011.08.03 03:57,2.43E+22,105.932,0.0275447,10063.23,43.027,3023.166,66.698,0.07529958,52.101,112.247,-0.00369478,5.43E+13,4.42E+13,5.73E+23,43.566,1285.486938,4.73,1180.703,1
833,11283,18,2011.09.06 22:38,1.74E+22,109.394,0.01196969,8427.838,36.942,1774.993,65.817,0.03531263,50.27,111.56,0.14321876,3.54E+13,2.09E+13,3.48E+23,39.866,1212.428345,4.334,372.198,1
1321,11402,8.7,2012.01.22 03:59,6.58E+22,109.309,-0.00791825,6854.739,32.847,5262.69,58.344,-0.02190245,45.775,111.572,-0.01852124,1.19E+14,2.11E+13,1.01E+24,38.284,3152.664062,4.672,881.484,1
1449,11429,11,2012.03.04 04:05,3.87E+22,57.365,-0.01863864,13609.83,43.887,2350.838,40.023,-0.03136818,50.654,70.847,0.02771197,3.68E+13,3.45E+13,9.13E+23,44.916,1150.173218,4.4,941.923,1
1449,11429,54,2012.03.06 00:24,5.48E+22,87.202,-0.02964434,16724.31,46.041,5246.065,57.959,-0.0487862,51.546,102.845,-0.04081424,8.43E+13,7.89E+13,1.62E+24,46.137,1720.481201,5.152,2164.244,1
1449,11430,13,2012.03.06 01:14,5.51E+22,87.792,-0.03019862,16792.83,46.638,5332.214,58.609,-0.04897708,51.622,104.188,-0.02142969,8.52E+13,8.03E+13,1.62E+24,46.39,1736.178833,5.153,2196.557,1
1449,11429,6.3,2012.03.08 03:53,5.87E+22,92.133,-0.02677674,14350.39,52.94,5867.047,62.16,-0.05534331,55.009,101.553,-0.09868766,1.08E+14,9.22E+13,1.71E+24,48.602,2318.047119,5.19,2406.533,1
1449,11429,8.4,2012.03.09 17:44,5.25E+22,99.96,-0.02358813,11482.63,45.634,4754.836,60.577,-0.05317972,51.367,105.098,0.03697718,9.56E+13,8.21E+13,1.26E+24,44.41,2390.994141,4.975,1954.914,1
1449,11429,7.9,2012.03.12 17:41,6.07E+22,81.056,-0.0123473,7430.104,25.773,3394.77,40.316,-0.03164326,40.368,86.336,-0.07008495,7.05E+13,5.71E+13,9.36E+23,33.634,1830.724365,4.643,1171.438,1
1638,11476,5.1,2012.05.16 01:47,5.10E+22,68.551,-0.00220761,5430.528,18.522,2317.18,32.657,-0.00658557,36.22,72.251,-0.05407677,5.15E+13,1.24E+13,6.12E+23,29.72,1108.447754,4.126,187.357,1
1750,11504,1.2,2012.06.12 13:17,3.39E+22,93.818,0.00756093,8997.601,44.83,2796.656,59.791,0.01873515,52.231,99.265,-0.10393157,6.55E+13,1.67E+13,6.88E+23,45.096,1325.51001,4.775,435.177,1
1807,11515,11,2012.07.05 23:08,6.19E+22,105.052,-0.01686265,12680.79,36.613,6995.201,65.529,-0.03214138,47.59,117.448,-0.1576824,1.19E+14,4.77E+13,1.50E+24,40.771,2217.558594,5.18,1504.249,1
1834,11520,14,2012.07.11 16:49,9.19E+22,92.174,0.00805211,10334.79,45.958,7258.462,54.996,0.02181499,53.499,94.197,0.20016149,1.62E+14,6.02E+13,2.32E+24,45.902,4573.26416,5.073,1363.182,1
1834,11520,1.8,2012.07.16 17:15,1.28E+23,71.974,0.00418683,7096.356,23.781,6546.776,36.11,0.01025933,39.042,77.26,-0.05500709,1.27E+14,4.35E+13,1.81E+24,32.232,3263.618164,4.95,804.722,1
1879,11532,6.2,2012.07.27 20:56,8.94E+22,85.511,-0.00132502,5469.472,19.531,4993.681,40.356,-0.00351324,37.116,88.363,0.00757841,1.02E+14,4.55E+12,9.95E+23,30.771,2705.156982,4.618,181.428,1
2220,11618,3.5,2012.11.20 15:30,1.77E+22,106.042,-0.00944841,6152.669,41.342,2232.011,70.015,-0.03229433,54.297,107.753,0.21555167,4.77E+13,1.25E+13,2.96E+23,43.928,919.80542,4.641,342.268,1
2635,11719,6.5,2013.04.10 07:16,2.02E+22,107.637,-0.00907675,6069.15,32.775,1718.924,59.597,-0.02663163,46.286,106.506,0.28839058,3.90E+13,1.28E+13,2.88E+23,38.686,1129.59021,4.184,324.376,1
2739,11745,5,2013.05.21 13:38,3.02E+22,83.213,-0.00226805,2550.279,9.834,1282.318,31.607,-0.00833316,29.334,85.078,-0.08184455,3.11E+13,4.76E+12,1.72E+23,24.387,672.540771,3.433,115.262,1
3291,11875,4.3,2013.10.21 21:20,2.90E+22,101.086,-0.00650148,6388.241,37.75,2906.345,59.742,-0.02390117,50.408,104.405,0.21471544,6.83E+13,8.37E+12,5.00E+23,41.803,1548.595093,4.755,383.093,1
3295,11877,9.3,2013.10.23 00:30,3.99E+22,92.911,0.00746765,9278.189,36.86,2713.391,48.639,0.0189565,47.583,94.926,0.12841301,6.27E+13,2.31E+13,8.51E+23,40.878,1520.805054,4.511,515.485,1
3291,11875,10,2013.10.27 02:03,5.52E+22,90.433,-0.00992908,9411.309,31.604,3880.761,49.396,-0.02241344,43.794,97.486,0.06287481,8.07E+13,4.09E+13,1.05E+24,38.156,1930.773193,4.591,837.915,1
3291,11875,5.1,2013.10.27 04:41,5.84E+22,87.688,-0.00873582,8893.033,29.548,3813.344,46.153,-0.02046623,43.034,93.975,0.11667063,7.91E+13,4.11E+13,1.07E+24,37.049,1926.72876,4.577,793.029,1
3341,11890,11,2013.11.07 04:26,5.08E+22,100.461,0.00735114,11257.17,44.537,4926.256,62.767,0.01712547,51.718,105.284,0.0153019,9.85E+13,1.71E+13,1.22E+24,44.382,2366.622314,4.863,601.433,1
3341,11890,11,2013.11.09 05:14,3.81E+22,102.817,0.00829932,9712.337,44.334,3720.508,63.06,0.0212638,53.4,105.951,0.22025113,8.03E+13,1.21E+13,8.68E+23,44.521,2177.477295,4.598,558.785,1
3364,11893,10,2013.11.18 10:26,5.55E+22,83.862,0.00731047,6710.024,23.651,3441.191,43.516,0.01691148,39.024,92.58,-0.12711509,6.55E+13,2.44E+13,7.20E+23,32.797,1504.702637,4.803,590.298,1
3563,11944,12,2014.01.06 18:32,9.45E+22,88.688,0.01251759,13878.5,50.442,7869.667,55.689,0.02765618,55.398,91.322,0.15762906,1.73E+14,6.97E+13,3.00E+24,48.356,4566.675293,4.998,2036.887,1
3721,11974,1.7,2014.02.10 03:31,1.90E+22,112.222,0.00305002,7742.188,34.747,1735.345,65.63,0.00772371,49.065,112.411,0.12647933,3.51E+13,3.72E+12,3.22E+23,39.166,1084.857788,4.178,95.389,1
3894,12017,10,2014.03.28 17:48,1.15E+22,126.345,0.01271649,7356.699,29.798,1181.389,71.478,0.03146107,46.364,130.18,0.26780155,2.35E+13,1.10E+13,1.76E+23,36.277,821.931335,4.407,229.723,1
3941,12027,6.5,2014.04.01 14:05,1.78E+22,73.203,-0.00695545,8013.122,21.764,910.132,34.735,-0.01788919,37.233,73.493,-0.07129015,1.71E+13,3.61E+12,2.84E+23,32.075,453.917938,0,185.731,1
3999,12036,7.3,2014.04.17 13:03,2.92E+22,99.791,0.00325833,9813.272,48.57,2495.747,64.769,0.00802694,55.406,102.355,0.10946603,5.28E+13,2.89E+12,6.50E+23,46.568,1534.237549,4.402,162.428,1
4000,12035,13,2014.04.24 00:27,3.70E+22,76.789,0.00317375,3689.466,13.513,1733.588,33.589,0.01039741,32.857,83.531,-0.05750597,3.43E+13,3.70E+12,2.92E+23,25.632,1410.516724,4.633,189.317,1
4071,12051,1.8,2014.05.05 09:03,4.28E+22,83.686,-0.00542484,7117.52,22.702,2676.917,42.738,-0.01202296,37.27,91.213,-0.23167101,4.55E+13,8.73E+12,5.52E+23,31.048,1175.049316,4.57,316.561,1
4197,12085,3.1,2014.06.11 22:16,7.75E+22,92.68,0.00308389,9969.851,34.261,5121.67,51.516,0.00634874,45.373,98.381,-0.16185781,1.05E+14,1.01E+13,1.49E+24,39.128,3039.433838,4.757,346.33,1
4294,12106,1.4,2014.06.30 11:23,3.60E+22,76.572,0.00153216,1831.877,3.839,1632.282,33.126,0.00497754,26.193,77.936,-0.0589234,3.29E+13,2.25E+12,1.33E+23,21.2,535.735718,3.916,83.614,1
4698,12192,4,2014.10.23 07:48,1.36E+23,93.43,-0.00275257,19751.25,53.153,11078.554,60.1,-0.00507789,54.997,103.843,0.12284084,2.14E+14,1.27E+13,5.21E+24,49.126,6830.160156,5.331,546.421,1
4781,12205,2,2014.11.06 04:25,4.76E+22,90.7,0.02568727,7232.147,19.835,4235.187,48.432,0.05631237,36.616,101.087,0.00079671,6.57E+13,5.48E+13,6.20E+23,30.809,1334.581055,4.808,1658.139,1
4781,12205,16,2014.11.06 17:26,4.71E+22,92.174,0.02097155,6418.685,22.757,4016.138,47.83,0.05759615,38.426,99.792,0.01841382,7.20E+13,5.23E+13,6.25E+23,33.076,1404.910034,4.815,1538.431,1
4817,12209,3.7,2014.11.14 20:46,1.11E+23,80.634,0.00236184,9019.263,21.376,5932.746,36.951,0.00501151,36.305,87.934,0.07281394,1.07E+14,1.68E+13,1.79E+24,31.229,3399.685059,4.94,353.811,1
4941,12241,1.1,2014.12.16 01:50,2.11E+22,104.28,0.01318199,7653.133,33.314,1677.986,59.808,0.02929953,45.65,110.604,0.04811292,3.27E+13,1.44E+13,3.16E+23,38.388,723.214417,4.614,409.42,1
4920,12242,8.7,2014.12.16 04:51,6.01E+22,109.359,0.00927974,9663.436,34.32,5413.452,61.238,0.02289035,47.119,114.424,0.5693655,1.09E+14,3.61E+13,1.23E+24,38.911,4560.821289,5.001,889.491,1
4920,12242,18,2014.12.19 00:24,9.79E+22,104.32,0.00771009,8724.559,29.926,7527.092,54.694,0.01997054,42.605,109.584,0.19874957,1.53E+14,5.61E+13,1.77E+24,36.428,4591.686523,5.169,1176.212,1
5026,12257,5.6,2015.01.12 04:24,3.04E+22,80.184,-0.00135032,8487.572,30.289,1978.587,47.322,-0.00293545,42.875,86.933,-0.07118814,3.55E+13,6.01E+12,4.89E+23,36.895,830.961426,4.267,58.63,1
5298,12297,5.8,2015.03.08 23:53,3.25E+22,90.629,0.0192042,6998.3,22.925,2226.28,44.025,0.04480061,38.372,97.112,-0.17215258,4.00E+13,3.87E+13,4.40E+23,32.988,940.077209,4.502,909.146,1
5298,12297,5.1,2015.03.09 03:24,3.23E+22,90.272,0.02065945,7287.256,24.492,2280.8,44.864,0.04989633,39.365,96.148,-0.09316363,4.12E+13,3.95E+13,4.68E+23,34.058,957.782043,4.505,998.265,1
5298,12297,22,2015.03.10 16:22,2.67E+22,101.103,0.03828346,9854.149,33.951,3028.825,56.84,0.09529437,46.022,106.157,0.15815945,5.18E+13,5.87E+13,5.74E+23,39.706,1218.618408,4.863,1678.883,1
5298,12297,1,2015.03.16 23:34,3.59E+22,89.515,0.01872587,7743.12,19.19,2750.498,41.75,0.04727825,35.426,94.062,0.09862386,4.49E+13,3.14E+13,5.65E+23,29.951,1026.390137,4.482,1029.005,1
5692,12371,3,2015.06.17 17:36,4.93E+22,74.531,-0.00547031,11476.38,38.433,3126.947,45.86,-0.01007191,47.315,81.832,0.05587631,5.42E+13,1.89E+13,1.03E+24,40.629,1509.345215,4.619,370.132,1
5692,12371,2,2015.06.20 01:42,4.99E+22,79.764,-0.01186295,17768.23,57.097,3774.024,55.205,-0.02062187,56.684,88.838,-0.00521457,7.28E+13,3.22E+13,1.69E+24,50.666,1855.264648,4.933,850.598,1
5692,12371,2.6,2015.06.20 02:36,5.01E+22,79.442,-0.01105787,17702.28,57.464,3866.555,55.125,-0.01934268,56.835,88.759,-0.01320978,7.41E+13,3.16E+13,1.70E+24,50.868,1849.319458,4.941,801.508,1
5692,12371,6.5,2015.06.21 18:23,4.16E+22,82.887,-0.01718576,20521.81,62.847,3377.469,59.945,-0.0290586,60.668,90.405,-0.1933084,6.51E+13,3.69E+13,1.65E+24,53.971,1801.705322,4.753,1043.416,1
5692,12371,7.9,2015.06.24 08:16,4.16E+22,90.713,-0.00872044,13462.55,48.526,3049.16,54.437,-0.01752003,53.031,96.946,-0.1010584,6.24E+13,1.62E+13,1.15E+24,46.591,1754.862671,4.776,559.582,1
8,11069,1.2,2010.05.04 17:19,4.45E+21,135.195,-0.04832249,9042.597,16.629,578.638,80.932,-0.07553489,37.238,156.727,-0.58707803,7.66E+12,8.94E+12,5.89E+22,29.87,171.006271,4.072,237.118,0
49,11079,1,2010.06.12 05:39,1.49E+21,126.492,-0.00718197,5160.053,0.867,108.345,55.345,-0.00801632,24.466,132.485,-1.20177364,1.21E+12,8.28E+11,8.70E+21,18.178,48.475544,3.192,9.114,0
115,11093,1,2010.08.06 18:24,1.18E+22,91.151,-0.01023015,10387.6,24.226,692.913,42.381,-0.01814705,37.119,93.933,-0.10954364,1.05E+13,1.34E+12,2.03E+23,31.859,470.634491,3.818,150.332,0
211,11112,2.9,2010.10.15 19:12,7.08E+21,138.784,0.00260818,4582.969,9.572,568.726,69.917,0.00590971,34.312,143.935,1.40421236,9.58E+12,6.70E+12,5.56E+22,25.423,703.612671,3.707,23.81,0
345,11149,1.3,2011.01.27 01:03,1.97E+22,57.665,0.0044152,6456.933,25.006,923.627,31.214,0.01203929,42.143,64.09,-0.27959716,1.69E+13,8.40E+12,2.70E+23,30.612,515.142334,4.015,139.057,0
362,11153,1.9,2011.02.08 01:31,1.10E+22,79.412,-0.00207717,2954.804,13.675,577.683,38.162,-0.00651378,34.632,84.201,-0.09924616,1.25E+13,1.58E+12,7.06E+22,28.183,240.660339,3.782,37.381,0
377,11158,6.6,2011.02.12 17:38,5.88E+21,110.985,-0.00070334,4376.574,38.869,537.13,72.481,-0.00248087,55.626,107.425,0.09912285,1.35E+13,6.27E+11,7.17E+22,43.032,302.56897,3.473,8.679,0
377,11158,2.2,2011.02.13 17:26,1.92E+22,100.257,0.02140509,12845.72,56.699,2668.096,76.038,0.0513801,60.932,106.868,0.02259646,4.84E+13,1.99E+13,5.85E+23,51.433,837.608398,4.803,733.488,0
384,11161,1.1,2011.02.15 07:44,1.25E+22,105.688,-0.00725763,3359.431,16.475,930.09,52.487,-0.02060507,37.947,110.123,-0.19215311,1.91E+13,4.95E+12,8.87E+22,30.458,356.131836,4.172,144.231,0
377,11158,1.6,2011.02.15 14:25,2.70E+22,88.872,0.02112242,13340.8,58.246,3094.431,63.498,0.05024914,59.021,95.08,0.15063411,5.72E+13,2.96E+13,8.40E+23,51.777,1096.292847,4.861,1001.287,0
377,11158,6.6,2011.02.17 10:11,3.28E+22,97.913,0.01707984,9756.794,39.6,3144.613,59.744,0.03685337,49.241,106.698,-0.02130954,5.89E+13,2.97E+13,6.56E+23,42.407,1103.533447,4.972,864.753,0
384,11162,1,2011.02.17 10:26,1.59E+22,103.022,-0.00599469,7661.929,40.097,1347.631,60.568,-0.01635998,51.026,102.559,0.3575871,3.04E+13,5.27E+12,2.92E+23,42.447,720.135925,4.018,172.114,0
377,11158,1.4,2011.02.17 13:03,3.39E+22,97.73,0.01374201,9806.895,37.902,3242.983,58.983,0.02949237,48.289,106.016,-0.01971286,5.83E+13,2.65E+13,6.73E+23,41.47,1120.770874,5.027,709.995,0
384,11162,1,2011.02.17 14:08,1.51E+22,105.086,-0.00732057,8015.242,40.561,1318.121,61.592,-0.01967902,51.012,105.885,0.28574729,3.10E+13,3.98E+12,2.89E+23,42.652,707.713928,4.055,198.585,0
384,11162,1.3,2011.02.17 21:04,1.65E+22,101.4,-0.00434301,6761.104,42.429,1366.395,58.952,-0.01306095,52.595,101.097,0.3663176,3.43E+13,6.07E+12,2.90E+23,43.585,744.285461,3.665,140.218,0
393,11164,1.1,2011.02.27 12:52,2.63E+22,74.079,0.01285954,4375.255,14.828,1615.747,39.517,0.03724542,34.211,79.357,-0.14262953,3.18E+13,2.51E+13,2.35E+23,28.223,597.53949,4.415,519.988,0
393,11164,1.2,2011.03.06 05:13,5.69E+22,98.303,0.00868506,10587.03,35.976,4703.476,56.248,0.01869764,45.776,106.762,-0.03036223,9.40E+13,5.24E+13,1.20E+24,39.902,2068.188965,5.008,738.994,0
394,11165,1.5,2011.03.06 07:54,3.13E+22,94.326,-0.00629544,4796.396,22.027,2233.181,50.48,-0.01613283,39.517,101.714,-0.14272751,4.34E+13,8.74E+12,3.04E+23,32.082,918.823975,4.561,300.072,0
393,11164,1.4,2011.03.06 08:07,6.02E+22,90.891,0.00688796,9753.147,33.616,4557.743,51.01,0.01607103,44.401,99.685,0.01943416,9.35E+13,4.08E+13,1.21E+24,38.766,2116.946533,5.103,642.391,0
393,11164,1.8,2011.03.06 09:20,5.69E+22,94.973,0.00722766,10619.32,35.247,4427.353,54.153,0.01563461,45.159,104.498,-0.01012612,8.87E+13,3.97E+13,1.19E+24,39.433,2114.205078,5.062,609.118,0
394,11165,1.5,2011.03.06 21:50,4.59E+22,83.29,0.00062341,5916.656,25.383,3219.611,46.979,0.0015206,41.002,95.012,-0.04423099,6.01E+13,1.58E+12,5.41E+23,34.101,1281.49707,4.606,42.921,0
394,11165,1.3,2011.03.07 02:29,4.83E+22,80.115,0.00764372,6828.985,24.536,3453.203,46.953,0.0174632,40.971,93.458,-0.00538741,5.93E+13,1.85E+13,6.30E+23,33.733,1376.02832,4.694,531.269,0
401,11166,1.7,2011.03.08 11:07,3.06E+22,89.44,0.00157765,11422.21,57.533,3005.14,64.335,0.00415461,60.074,93.768,0.22119564,6.62E+13,6.70E+12,8.87E+23,51.867,1343.021606,4.849,92.229,0
401,11166,1.7,2011.03.08 14:02,3.09E+22,91.372,0.00092458,11800.67,57.424,3172.895,65.717,0.00237287,59.899,96.93,0.2103733,6.97E+13,6.34E+12,9.11E+23,51.932,1364.176392,4.933,53.732,0
401,11166,15,2011.03.08 23:23,3.17E+22,100.747,-0.00362037,13918.64,55.653,3189.417,70.714,-0.00787461,58.445,106.981,0.35062268,6.84E+13,1.21E+13,9.73E+23,50.523,1401.875,4.867,190.598,0
401,11166,1.3,2011.03.11 04:43,4.00E+22,95.814,0.00150913,12964.11,51.587,3642.808,63.133,0.00324813,54.706,103.599,0.14780775,7.42E+13,4.88E+12,1.09E+24,48.308,1596.190918,4.931,95.872,0
407,11169,4.2,2011.03.13 19:52,2.47E+22,103.061,-0.01777749,7538.316,28.757,1980.134,53.401,-0.04546132,43.111,107.457,-0.07319506,3.95E+13,2.87E+13,3.96E+23,36.394,916.404297,4.557,703.846,0
407,11169,1,2011.03.14 00:22,2.56E+22,96.948,-0.01693883,7390.57,24.387,1990.28,49.8,-0.04423522,40.576,102.646,0.06108308,3.83E+13,2.89E+13,4.03E+23,33.67,865.086426,4.405,695.83,0
437,11176,1,2011.03.24 23:22,5.77E+22,89.416,0.00371556,5568.178,23.805,3452.234,43.194,0.01080907,40.124,94.062,0.10441735,7.78E+13,5.83E+12,7.14E+23,33.562,1498.546875,4.56,358.868,0
495,11190,1.3,2011.04.14 17:12,2.73E+22,117.301,-0.00773852,6595.277,35.361,2967.823,70.094,-0.02311371,49.518,122.064,0.08258814,6.28E+13,1.35E+13,4.28E+23,40.375,1565.772339,4.772,377.942,0
514,11195,1.8,2011.04.21 04:57,4.98E+22,90.448,0.00477382,3582.813,15.418,2875.398,41.955,0.01417028,34.978,96.217,0.16145888,6.00E+13,1.75E+13,3.70E+23,28.668,1319.255005,4.389,370.888,0
514,11195,1.2,2011.04.21 15:53,5.59E+22,86.749,0.00435001,2947.845,15.919,3216.335,40.583,0.01539075,36.36,89.354,0.08593605,7.29E+13,1.99E+13,3.82E+23,28.888,1467.906982,4.496,424.226,0
746,11260,1.1,2011.07.26 16:07,1.59E+22,100.669,0.01212055,4893.722,19.745,1443.984,52.124,0.03281908,37.753,108.03,-0.18867645,2.67E+13,1.32E+13,1.60E+23,32.229,473.508453,4.376,298.02,0
750,11261,9.3,2011.07.29 02:09,2.55E+22,90.047,0.00199996,7013.594,31.07,1844.63,49.865,0.00526799,44.011,96.581,0.08466963,3.93E+13,1.88E+12,3.82E+23,37.978,786.619995,4.51,81.96,0
750,11261,1.4,2011.08.01 06:19,2.49E+22,104.787,-0.00050631,10128.16,44.963,3392.425,70.526,-0.0014893,55.596,110.51,0.17412351,6.72E+13,4.51E+12,6.42E+23,45.475,1322.17334,4.878,24.168,0
750,11261,1.1,2011.08.02 03:37,2.18E+22,107.368,0.02855355,11703.25,46.42,2900.207,73.892,0.07473892,55.675,113.341,0.08022054,5.10E+13,4.32E+13,5.97E+23,45.406,1281.524658,4.735,1096.799,0
753,11263,1.7,2011.08.02 04:32,2.93E+22,80.624,0.0159645,19419.41,61.718,2562.688,58.397,0.02722074,61.079,89.9,0.04043592,5.20E+13,2.76E+13,1.18E+24,53.844,1080.530151,4.794,731.796,0
753,11263,2.5,2011.08.08 03:54,3.91E+22,80.435,0.01496147,9891.792,36.032,2659.471,46.868,0.03267059,46.34,87.03,0.02582807,5.23E+13,3.72E+13,7.73E+23,40.931,1135.402588,4.523,880.812,0
753,11263,69,2011.08.08 08:05,3.95E+22,73.5,0.01312117,8937.883,34.063,2367.658,41.913,0.03123316,45.356,78.737,0.02875213,4.69E+13,3.57E+13,7.37E+23,39.751,1098.364502,4.516,814.116,0
814,11286,3.2,2011.09.03 11:45,2.06E+22,102.797,-0.00189855,3671.224,17.868,1176.327,46.348,-0.00679072,37.971,101.325,0.06207413,2.93E+13,1.25E+12,1.83E+23,30.839,781.244934,3.756,71.275,0
814,11286,1.6,2011.09.04 04:28,2.07E+22,101.402,-0.0031972,3939.139,13.443,1117.03,43.042,-0.009571,33.725,101.014,-0.11911713,2.50E+13,3.44E+12,1.73E+23,27.852,632.887329,3.821,105.677,0
814,11286,1.2,2011.09.04 07:58,2.15E+22,93.702,-0.00254674,3671.054,12.547,1114.672,38.316,-0.00808947,32.772,94.042,-0.05568312,2.50E+13,2.27E+12,1.71E+23,27.071,594.340637,3.799,89.406,0
833,11283,5.3,2011.09.05 01:50,2.28E+22,108.265,-0.00133106,6525.299,40.003,2081.375,65.939,-0.00451624,52.226,108.206,0.31615111,4.78E+13,7.50E+12,3.84E+23,42.319,1444.330688,4.18,59.021,0
833,11283,21,2011.09.05 22:20,1.96E+22,104.029,0.00484456,7019.133,42.096,1884.057,65.792,0.01690842,54.395,104.314,0.25686935,4.33E+13,9.36E+12,3.71E+23,43.832,1386.162476,4.405,192.906,0
833,11283,1.2,2011.09.08 12:49,2.20E+22,99.927,0.00606686,5679.175,29.497,1664.149,50.044,0.02193646,43.765,102.167,0.11545154,4.28E+13,8.72E+12,3.23E+23,37.363,1020.22345,4.503,259.746,0
833,11283,1.1,2011.09.09 07:40,3.02E+22,96.219,0.005609,5685.796,21.943,2206.992,46.24,0.01701169,38.583,102.805,0.02357626,4.87E+13,1.47E+13,3.82E+23,33.773,1045.84436,4.523,284.068,0
856,11295,1.6,2011.09.22 01:59,5.69E+22,98.471,0.00347017,4825.076,23.67,3885.448,47.272,0.0110656,39.452,101.944,0.03288315,9.03E+13,1.51E+13,6.32E+23,34.266,2043.726807,4.561,342.169,0
856,11295,1.6,2011.09.22 22:15,6.41E+22,88.422,0.00386386,4961.141,18.706,3757.103,41.282,0.01105863,36.232,93.436,-0.04200354,7.97E+13,1.31E+13,6.67E+23,31.293,1842.943848,4.664,391.316,0
892,11302,7.1,2011.09.23 13:20,6.36E+22,64.757,-0.00863482,13003.35,37.865,4633.63,42.457,-0.01615668,46.889,77.488,0.00992998,7.45E+13,2.03E+13,1.53E+24,41.395,1952.906494,4.734,767.471,0
856,11295,1.7,2011.09.23 16:59,7.04E+22,74.63,0.00125951,6479.476,20.853,3744.352,36.827,0.00309235,36.52,82.261,-0.0599687,6.75E+13,9.19E+12,8.71E+23,30.632,1898.400269,4.643,127.421,0
892,11302,3.1,2011.09.23 17:25,6.42E+22,69.786,-0.00567599,13657.85,38.494,4981.326,45.895,-0.00993897,46.93,81.922,0.07621145,8.06E+13,7.39E+12,1.59E+24,41.732,1944.554321,4.821,497.041,0
892,11302,3,2011.09.23 19:21,6.42E+22,70.763,-0.00547463,13972.19,39.541,5176.428,46.256,-0.00951464,47.66,82.81,0.09937092,8.11E+13,7.33E+12,1.65E+24,41.858,1929.158325,4.879,486.656,0
892,11302,5.8,2011.09.23 20:36,6.11E+22,73.03,-0.00994061,16451.81,42.032,4938.852,48.648,-0.0171051,48.596,86.24,0.05651997,8.09E+13,1.35E+13,1.83E+24,43.14,1931.594238,4.877,830.946,0
892,11302,4.4,2011.09.24 02:33,6.33E+22,75.753,-0.01156281,16342.98,41.631,5322.797,49.084,-0.01970278,48.822,89.884,0.08630764,8.86E+13,2.03E+13,1.90E+24,42.922,1947.435059,4.898,1011.503,0
892,11302,7.4,2011.09.24 04:50,5.99E+22,78.623,-0.01181853,17541.26,41.665,5291.53,51.398,-0.01929872,48.766,93.238,0.04959757,8.59E+13,2.19E+13,1.87E+24,42.986,1942.631958,4.945,947.219,0
892,11302,3.1,2011.09.24 08:49,5.62E+22,77.44,-0.0043581,17942.22,44.161,5283.075,51.712,-0.00744126,50.116,93.249,0.05512072,8.58E+13,6.00E+12,1.83E+24,44.195,1899.690552,4.921,334.602,0
892,11302,3.7,2011.09.24 15:33,5.47E+22,76.019,-0.00488012,17483.81,45.848,5109.388,50.774,-0.0088384,50.895,91.137,0.03607413,8.62E+13,1.09E+13,1.81E+24,45.381,1908.942871,4.971,380.747,0
899,11303,2.2,2011.09.24 16:58,7.93E+21,90.834,-0.00824956,5320.33,23.41,604.139,50.645,-0.02026665,42.93,103.652,-0.20951498,1.16E+13,1.39E+12,8.64E+22,33.423,118.25827,3.57,100.884,0
892,11302,4,2011.09.25 05:08,5.36E+22,84.726,-0.00803906,19544.82,48.566,5671.832,55.148,-0.01225743,51.925,99.048,0.13372317,8.42E+13,1.92E+13,1.87E+24,46.424,1809.962891,5.13,579.809,0
892,11302,2.6,2011.09.25 14:46,4.90E+22,81.978,-0.0059772,18442,51.57,5307.525,55.812,-0.01064995,53.792,93.348,0.14873804,8.43E+13,1.80E+13,1.76E+24,48.333,1821.53833,5.152,429.999,0
892,11302,1.2,2011.09.27 13:28,3.93E+22,79.424,-0.00552456,18040.51,61.095,3677.712,58.116,-0.01098146,61.06,87.719,0.27131569,7.29E+13,1.02E+13,1.57E+24,53.813,1907.038086,4.915,361.836,0
902,11305,1,2011.09.29 19:06,9.64E+21,95.57,-0.01176608,11757.76,51.307,888.04,60.396,-0.02854551,57.869,95.594,0.28894952,2.05E+13,8.70E+12,2.84E+23,48.928,479.951324,3.761,214.284,0
902,11305,3.9,2011.10.01 00:50,1.04E+22,96.445,-0.0261536,13969.57,54.497,1073.162,65.091,-0.05782404,61.605,96.256,0.38523424,2.28E+13,2.13E+13,3.69E+23,50.554,596.812256,4.228,520.77,0
892,11302,1.3,2011.10.01 17:23,3.93E+22,91.414,-0.01254783,11115.18,41.303,2996.875,52.293,-0.0266321,49.366,95.953,0.12047285,6.23E+13,3.32E+13,9.12E+23,42.809,1571.734619,4.646,774.979,0
940,11319,1.3,2011.10.20 13:00,7.61E+22,76.737,-0.00090533,5013.263,18.688,3421.399,33.865,-0.00283183,36.746,79.172,0.04495918,7.92E+13,5.28E+12,8.67E+23,30.219,2073.495361,4.501,117.878,0
940,11314,1.3,2011.10.21 11:10,6.74E+22,63.795,-0.00150556,5748.075,20.017,2696.022,30.526,-0.00438706,37.683,68.411,0.04593207,5.62E+13,5.23E+12,8.39E+23,29.497,1666.92334,4.506,165.467,0
1028,11339,1,2011.11.03 20:40,8.44E+22,72.424,-0.0013413,12417.4,37.801,5695.781,45.564,-0.0025688,46.098,83.482,-0.02667546,1.02E+14,3.29E+12,1.92E+24,40.565,2569.760742,4.977,155.829,0
1028,11339,3.7,2011.11.04 03:35,8.31E+22,75.907,-0.00020461,12231.91,37.506,5748.408,46.347,-0.00038815,45.779,86.19,-0.01051962,1.01E+14,6.19E+11,1.85E+24,40.499,2652.738037,4.975,23.247,0
1028,11339,1.1,2011.11.04 11:21,8.06E+22,74.531,-0.00042322,11193.56,36.896,5606.214,45.015,-0.00090441,45.858,84.995,-0.02594888,1.03E+14,8.33E+12,1.74E+24,40.565,2714.874023,5.029,49.669,0
1028,11339,1.8,2011.11.04 20:38,8.30E+22,83.651,-0.00116566,11792.68,37.423,6148.942,49.506,-0.00232505,46.011,93.716,0.02608811,1.15E+14,3.32E+12,1.84E+24,40.964,2813.589844,5.12,136.708,0
1028,11339,1.2,2011.11.05 01:03,8.47E+22,82.109,-0.00104592,11148.7,38.3,6053.082,48.455,-0.00224201,46.672,91.135,0.02013253,1.18E+14,4.98E+12,1.88E+24,41.631,2838.06543,5.138,132.696,0
1028,11339,1.4,2011.11.05 06:35,7.86E+22,82.295,-0.00108287,11001.48,39.803,5834.367,49.45,-0.00248651,48.012,90.828,0.07269865,1.18E+14,7.29E+12,1.80E+24,42.539,2838.521973,5.138,133.6,0
1041,11342,1.1,2011.11.08 13:35,4.01E+22,89.517,0.00095265,5191.978,23.802,2565.447,42.752,0.00304988,39.668,91.132,0.03683924,6.13E+13,3.48E+12,4.80E+23,34.265,1352.241943,4.191,66.353,0
1066,11346,1.9,2011.11.14 12:43,2.46E+22,94.541,0.00393811,3598.469,11.659,1338.549,40.348,0.01249618,33.055,97.313,0.14474551,3.00E+13,6.96E+12,1.89E+23,26.495,680.660095,4.079,155.614,0
1209,11387,1.5,2011.12.25 02:27,3.68E+21,123.223,0.00332162,3031.315,28.187,346.118,65.489,0.01299297,47.871,122.237,0.26166794,8.52E+12,2.46E+12,3.03E+22,36.493,202.226044,3.224,25.038,0
1209,11387,2.3,2011.12.25 20:30,9.22E+21,115.117,0.02568825,8406.541,40.818,1405.997,74.058,0.0723488,51.905,124.479,0.10649417,2.52E+13,1.95E+13,1.89E+23,43.618,355.334747,4.401,434.62,0
1256,11389,1.2,2011.12.29 03:09,6.94E+22,76.111,0.00243398,5211.059,19.512,3558.924,34.995,0.00688553,35.695,85.181,-0.04504848,7.44E+13,9.14E+12,7.55E+23,30.213,1743.220459,0,265.604,0
1256,11389,2.4,2011.12.30 13:15,6.29E+22,89.953,0.00300409,5619.266,21.757,4030.386,43.336,0.00858723,38.232,93.217,-0.10155504,9.02E+13,1.70E+13,7.65E+23,33.124,2069.264893,4.654,307.781,0
1256,11389,1.5,2011.12.30 16:26,6.53E+22,87.428,0.00223854,5106.508,23.069,3996.915,41.882,0.0071961,39.41,90.118,-0.04330122,9.63E+13,1.18E+13,7.86E+23,33.982,2061.943359,4.633,259.331,0
1321,11401,1,2012.01.16 04:53,8.59E+22,61.705,-0.00648891,8157.333,28.979,4269.887,37.337,-0.0142655,42.325,69.739,0.00198389,7.90E+13,2.84E+13,1.33E+24,35.453,2156.873779,0,795.747,0
1350,11410,1,2012.02.05 20:00,2.99E+22,83.043,-0.00015572,4425.488,17.294,1544.95,35.734,-0.00050354,36,87.2,-0.1256679,3.66E+13,5.23E+12,3.00E+23,29.925,696.774658,4.122,7.957,0
1449,11429,2.1,2012.03.04 19:16,4.40E+22,77.259,-0.01824893,12420.26,39.492,3211.511,50.923,-0.03201709,48.973,90.694,0.0494459,5.58E+13,4.32E+13,9.67E+23,43.35,1324.382446,4.826,1069.497,0
1449,11429,1.8,2012.03.04 19:30,4.48E+22,77.282,-0.01865742,12066.98,38.531,3320.802,51.261,-0.03177444,48.311,90.013,0.07932483,5.64E+13,4.30E+13,9.35E+23,42.866,1328.875977,4.839,1088.194,0
1449,11429,1.3,2012.03.04 22:34,4.70E+22,78.488,-0.02010728,13115.92,40.115,3571.854,52.005,-0.03583089,48.945,91.939,0.01309422,6.09E+13,4.73E+13,1.11E+24,43.246,1379.710815,4.879,1278.944,0
1449,11429,1.3,2012.03.05 00:28,4.88E+22,80.355,-0.02287007,13006.38,39.742,4027.111,54.105,-0.03886739,48.821,96.153,-0.03938779,6.59E+13,5.29E+13,1.11E+24,43.255,1422.027832,4.905,1474.822,0
1449,11429,1.2,2012.03.05 01:44,4.92E+22,80.911,-0.02384039,13602.04,40.331,4160.7,54.557,-0.04078092,49.272,96.483,0.00813966,6.80E+13,5.57E+13,1.18E+24,43.434,1460.973755,4.923,1563,0
1449,11429,1,2012.03.05 04:05,4.98E+22,81.298,-0.02267543,13461.38,40.834,4389.073,54.756,-0.04027428,49.803,97.405,-0.03148611,7.27E+13,5.60E+13,1.22E+24,44.003,1499.648071,5.006,1552.564,0
1449,11429,1,2012.03.05 07:55,5.04E+22,82.389,-0.02349708,13786.05,41.246,4373.3,55.001,-0.04049674,49.95,97.177,-0.06516133,7.26E+13,5.54E+13,1.24E+24,44.361,1563.955444,5.01,1596.956,0
1449,11429,2.1,2012.03.05 12:41,4.92E+22,81.94,-0.02413555,14631.29,41.753,4341.768,57.09,-0.03989685,49.739,97.849,0.02697377,7.06E+13,5.53E+13,1.25E+24,44.356,1552.681885,4.95,1552.23,0
1449,11429,1,2012.03.05 22:53,5.48E+22,84.474,-0.02976453,15901.82,45.298,5112.459,56.485,-0.05019824,50.881,100.633,0.00087835,8.20E+13,8.04E+13,1.56E+24,45.757,1696.176147,5.14,2202.099,0
1461,11432,2.8,2012.03.13 15:21,1.20E+22,116.374,0.00327314,2776.308,25.402,1108.328,60.913,0.01412354,43.656,113.345,0.15395635,2.86E+13,2.54E+12,9.07E+22,35.776,642.784607,3.787,80.555,0
1464,11434,1.3,2012.03.16 20:39,3.27E+21,128.643,-0.0016309,3701.861,20.303,240.822,70.697,-0.00534384,44.096,125.777,0.47819659,5.83E+12,1.46E+12,2.88E+22,30.638,241.32724,1.791,9.567,0
1603,11466,1,2012.04.26 08:24,1.14E+22,107.953,-0.00180737,6825.826,41.724,954.167,68.454,-0.00486292,53.896,106.461,0.14861058,2.16E+13,1.61E+12,1.84E+23,42.484,640.428589,3.502,36.653,0
1621,11471,1.9,2012.05.06 14:31,2.18E+22,104.543,0.00527545,6605,29.653,1493.866,52.752,0.01501432,44.876,105.649,0.01651699,3.57E+13,5.59E+12,3.36E+23,37.243,1043.385986,3.982,201.96,0
1638,11476,1.4,2012.05.07 13:08,6.08E+22,79.571,-0.01239874,10863.74,35.484,4658.708,49.893,-0.02494086,45.548,91.354,-0.14299995,8.32E+13,4.01E+13,1.22E+24,39.261,2070.157715,4.893,1046.342,0
1638,11476,4.7,2012.05.08 12:32,5.57E+22,88.993,-0.00920736,12289.54,39.69,4709.273,55.158,-0.01974344,48.638,97.167,-0.03140248,9.14E+13,3.05E+13,1.37E+24,42.278,2101.604492,5.036,770.113,0
1638,11476,1.8,2012.05.08 14:08,5.71E+22,89.366,-0.00909946,11892.7,39.946,4888.023,55.131,-0.02035301,48.792,97.063,0.01009613,9.79E+13,3.29E+13,1.40E+24,42.441,2103.246338,4.998,804.283,0
1638,11476,4.1,2012.05.08 21:05,6.00E+22,92.637,-0.016276,13037.78,40.332,5357.041,56.936,-0.03390463,48.572,101.136,-0.058216,9.96E+13,6.26E+13,1.55E+24,41.985,2200.788086,5.012,1459.518,0
1638,11476,5.7,2012.05.09 04:18,5.88E+22,97.403,-0.01788066,14492.72,41.786,5813.714,60.303,-0.03465768,49.538,106.616,-0.03815136,1.05E+14,6.01E+13,1.66E+24,43.111,2241.9021,5.014,1537.647,0
1638,11476,1.7,2012.05.09 20:26,5.59E+22,99.137,-0.01843425,15042.28,44.442,5949.772,62.386,-0.03727528,51.586,106.344,0.06421781,1.07E+14,6.50E+13,1.74E+24,44.744,2265.826416,5.036,1601.937,0
1724,11494,2.1,2012.06.05 20:06,1.22E+22,91.816,-0.00885622,10015.16,47.026,915.825,54.774,-0.02376469,54.499,94.143,0.08275728,2.33E+13,1.22E+13,3.04E+23,45.725,602.955261,3.95,202.604,0
1806,11513,2.2,2012.06.28 09:20,1.87E+22,89.761,-0.00837941,5169.494,24.114,1289.007,46.948,-0.02496021,40.798,95.129,0.07283451,2.93E+13,1.60E+13,2.19E+23,34.346,447.584595,4.225,267.806,0
1806,11513,1,2012.06.29 12:52,2.72E+22,95.24,-0.00626911,4574.922,19.124,1803.788,45.451,-0.0194319,37.058,97.018,-0.13590291,4.13E+13,1.13E+13,2.75E+23,31.611,804.453552,4.321,283.483,0
1806,11513,1.6,2012.06.29 18:32,2.71E+22,96.558,-0.00721398,4664.111,20.405,1824.732,45.316,-0.02377613,38.102,97.52,0.02411338,4.11E+13,1.45E+13,2.95E+23,31.974,831.18219,4.256,343.068,0
1806,11513,2.8,2012.06.30 19:18,2.17E+22,108.059,-0.00850877,5688.427,26.086,1553.219,53.426,-0.02604811,42.12,107.636,0.18956822,3.69E+13,1.57E+13,2.85E+23,35.226,1014.035095,4.179,320.457,0
1806,11513,1.1,2012.07.01 00:35,2.62E+22,100.618,-0.00598356,4860.302,29.994,1864.923,51.76,-0.0213742,45.062,100.91,0.09127312,4.84E+13,1.49E+13,3.31E+23,37.726,1142.950562,4.297,306.622,0
1807,11515,5.6,2012.07.01 10:52,3.25E+22,92.983,-0.00521386,9628.741,47.366,2619.29,59.353,-0.01366195,54.204,96.121,0.00485424,6.40E+13,1.21E+13,7.60E+23,46.866,1408.566406,4.694,310.011,0
1807,11515,3.8,2012.07.01 20:07,3.35E+22,99.679,-0.00854162,11462.89,47.786,3198.318,66.304,-0.01959408,54.266,106.706,-0.10066977,6.93E+13,1.94E+13,8.51E+23,46.631,1514.467773,4.792,477.451,0
1807,11515,2.3,2012.07.03 04:37,3.82E+22,94.858,-0.00328894,9752.827,51.469,3632.69,63.675,-0.00908582,57.515,98.837,-0.12398452,8.44E+13,1.63E+13,9.49E+23,48.842,1705.946899,4.916,241.053,0
1807,11515,5.3,2012.07.03 09:55,3.86E+22,98.084,-0.00429905,10519.42,52.011,3861.636,66.351,-0.01131211,57.832,100.874,-0.10393307,8.63E+13,2.11E+13,1.01E+24,49.087,1771.978027,4.955,310.301,0
1807,11515,2.3,2012.07.03 12:24,3.94E+22,95.736,-0.00621097,10610.11,51.801,3970.244,65.181,-0.01681796,57.504,99.294,-0.0501263,8.83E+13,2.58E+13,1.05E+24,49.096,1801.308228,4.924,461.879,0
1807,11515,1.3,2012.07.03 14:40,4.04E+22,96.452,-0.00648238,10845.71,51.528,4251.019,65.588,-0.01736581,57.529,100.377,-0.05817759,9.20E+13,3.47E+13,1.09E+24,49.165,1835.372803,5.013,490.664,0
1806,11513,1.8,2012.07.03 16:39,2.39E+22,99.922,-0.00590507,8259.643,40.151,1896.832,60.024,-0.01611394,52.735,99.306,0.13221566,4.48E+13,1.02E+13,4.86E+23,42.219,1611.0625,3.985,261.37,0
1807,11515,4.6,2012.07.03 22:09,4.33E+22,97.995,-0.00694165,10612.54,51.409,4549.057,65.88,-0.01788994,57.053,102.184,-0.06435419,9.72E+13,2.41E+13,1.12E+24,48.884,1879.780396,4.946,550.653,0
1807,11515,1.2,2012.07.03 23:55,4.33E+22,102.399,-0.00684447,11023.34,51.137,4675.678,68.904,-0.01647148,56.874,107.061,-0.0778538,9.74E+13,1.59E+13,1.11E+24,48.485,1873.176147,5.018,519.358,0
1807,11515,2.4,2012.07.04 01:10,4.33E+22,102.64,-0.00726343,11123.84,50.988,4754.381,69.597,-0.0171314,57.023,107.845,-0.10714747,9.80E+13,1.54E+13,1.11E+24,48.521,1877.615601,5.033,545.345,0
1807,11515,2.2,2012.07.04 02:42,4.37E+22,102.061,-0.00663217,11137.24,50.702,4838.908,69.168,-0.01582163,56.649,107.44,-0.0917878,9.95E+13,1.90E+13,1.12E+24,48.116,1882.099609,5.038,504.337,0
1807,11515,4.7,2012.07.04 03:36,4.39E+22,100.893,-0.00664692,10938.74,51.08,4748.041,68.075,-0.01631807,56.559,106.676,-0.11893778,1.00E+14,2.01E+13,1.13E+24,48.405,1896.230713,5.103,516.293,0
1807,11515,1.1,2012.07.04 06:58,4.53E+22,99.976,-0.00686242,10602.88,49.855,4907.202,65.816,-0.01742199,55.592,106.932,-0.06378477,1.04E+14,2.04E+13,1.15E+24,47.873,1916.788452,5.144,562.293,0
1807,11515,1.8,2012.07.04 10:48,4.42E+22,102.166,-0.00730391,11443.05,49.435,4932.735,68.238,-0.01748716,55.412,109.401,-0.16469373,9.98E+13,1.17E+13,1.16E+24,47.645,1964.534058,5.12,556.573,0
1807,11515,6.1,2012.07.04 11:44,4.47E+22,101.317,-0.0084736,11440.41,48.826,4984.362,68.665,-0.02074981,55.355,108.24,-0.11234281,1.01E+14,2.04E+13,1.18E+24,47.678,1967.09314,5.153,660.466,0
1807,11515,1.2,2012.07.04 13:18,4.57E+22,101.905,-0.00823602,11377.64,48.274,5167.284,68.747,-0.02039412,54.947,109.646,-0.11517706,1.03E+14,2.44E+13,1.20E+24,47.1,2018.394165,5.167,655.455,0
1807,11515,1.6,2012.07.04 20:14,5.09E+22,101.199,-0.00640475,11571.83,47.22,5919.268,65.996,-0.01523992,53.51,111.899,-0.05147732,1.12E+14,1.23E+13,1.33E+24,46.301,2083.491211,5.227,555.638,0
1807,11515,1.6,2012.07.04 21:45,5.10E+22,104.127,-0.00396779,12337.91,46.732,6158.263,68.883,-0.00888155,53.115,114.614,-0.11270995,1.12E+14,8.06E+12,1.36E+24,45.741,2088.731201,5.222,330.275,0
1807,11515,2.9,2012.07.05 01:40,5.17E+22,107.353,-0.00727403,12492.04,45.796,6238.867,69.957,-0.01518178,52.431,120.141,-0.13628872,1.13E+14,2.06E+13,1.34E+24,45.082,2062.770752,5.188,586.869,0
1807,11515,1,2012.07.05 02:51,5.23E+22,108.225,-0.00706031,12543.97,44.596,6166.34,70.633,-0.01455197,51.961,120.451,-0.16971925,1.12E+14,1.51E+13,1.34E+24,44.436,2088.598145,5.223,567.818,0
1807,11515,1.5,2012.07.05 08:23,5.44E+22,105.761,-0.00957408,11951.74,41.939,6037.876,66.341,-0.02045862,50.637,117.122,-0.059613,1.11E+14,2.12E+13,1.35E+24,43.556,2157.718262,5.227,813.71,0
1807,11515,1.8,2012.07.05 10:29,5.36E+22,107.506,-0.01115966,12109.29,41.497,5986.97,68.711,-0.02305332,50.394,118.23,-0.09926095,1.09E+14,2.13E+13,1.31E+24,43.244,2160.382568,5.181,911.332,0
1807,11515,1.2,2012.07.05 13:30,5.55E+22,105.885,-0.01259133,11698.83,39.702,6239.969,66.431,-0.02691266,49.395,116.923,-0.12956248,1.11E+14,3.36E+13,1.33E+24,42.284,2223.464355,5.193,1078.486,0
1807,11515,1.3,2012.07.05 18:55,6.16E+22,101.807,-0.01053214,11596.81,37.291,6745.708,63.084,-0.02234328,47.972,114.544,-0.09267484,1.20E+14,2.85E+13,1.46E+24,41.263,2249.925293,5.278,995.624,0
1807,11515,1.2,2012.07.06 03:15,6.36E+22,102.188,-0.01793475,12803.33,36.33,7064.521,64.398,-0.03406661,47.356,115.495,-0.11341453,1.19E+14,5.14E+13,1.55E+24,40.579,2264.916992,5.195,1638.052,0
1807,11515,2.6,2012.07.06 11:03,6.83E+22,97.357,-0.0152512,12431.39,34.317,6829.646,58.712,-0.02874068,45.544,109.62,-0.12889358,1.15E+14,5.16E+13,1.58E+24,39.111,2434.916748,5.241,1455.681,0
1807,11515,1.3,2012.07.07 05:46,8.01E+22,88.112,-0.01619984,11543.95,29.541,7109.465,53.038,-0.02952393,42.861,101.856,-0.13070454,1.12E+14,6.09E+13,1.63E+24,36.314,2555.471191,5.101,1722.642,0
1807,11515,1.1,2012.07.07 09:53,8.17E+22,85.328,-0.01337884,11192.65,28.987,6771.522,51.094,-0.02475539,42.092,99.716,-0.08100823,1.09E+14,4.72E+13,1.61E+24,36.019,2639.176758,5.081,1444.847,0
1807,11515,1.4,2012.07.07 12:10,7.96E+22,83.67,-0.01262952,10968.32,28.962,6455.663,50.036,-0.0237862,42.116,97.945,-0.15526113,1.04E+14,4.10E+13,1.54E+24,35.958,2612.668213,5.018,1339.007,0
1807,11515,6.9,2012.07.07 16:32,8.23E+22,80.324,-0.01084391,10631.38,28.021,6341.835,47.765,-0.02048478,41.519,93.626,-0.1445154,1.02E+14,4.07E+13,1.54E+24,35.588,2576.746582,4.963,1185.716,0
1834,11520,1.1,2012.07.08 23:07,1.21E+23,90.237,0.00968397,9920.303,32.907,8948.429,49.98,0.02217946,45.291,98.718,0.14115478,1.80E+14,7.11E+13,2.47E+24,39.259,4251.106445,5.197,1818.717,0
1834,11520,1.7,2012.07.09 05:14,1.16E+23,93.809,0.01134604,10957.25,36.375,9183.478,53.134,0.02467853,46.922,102.688,0.166924,1.83E+14,8.99E+13,2.56E+24,40.839,4476.945801,5.217,1998.572,0
1834,11520,2,2012.07.09 06:27,1.14E+23,94.414,0.01226075,10881.32,37.234,9126.673,53.308,0.0268575,47.338,102.964,0.11680858,1.83E+14,9.83E+13,2.53E+24,41.207,4507.785645,5.23,2144.185,0
1834,11521,1,2012.07.13 04:58,9.74E+22,94.973,0.00544648,10300.71,42.175,7403.952,53.326,0.01384301,50.763,98.012,0.17375346,1.67E+14,4.35E+13,2.36E+24,43.736,4308.319336,5.063,937.725,0
1879,11532,2.3,2012.07.28 06:22,8.50E+22,90.058,-0.00209676,5753.702,21.196,5024.133,43.124,-0.00552184,38.206,92.975,0.01771675,1.04E+14,7.67E+12,9.97E+23,31.607,2878.032715,4.598,273.618,0
1879,11536,1.1,2012.07.29 15:48,7.39E+22,99.107,-0.00025992,6637.147,25.577,4943.511,48.69,-0.00074364,40.947,101.787,-0.01057846,1.13E+14,7.03E+11,1.08E+24,34.707,3290.300781,4.773,31.858,0
1907,11540,1,2012.08.10 12:20,4.85E+22,100.186,-0.00207807,3083.123,14.914,2779.579,42.527,-0.00798597,34.85,100.009,0.03013598,6.75E+13,2.30E+12,3.60E+23,28.533,1791.44812,4.308,182.633,0
1993,11560,1.6,2012.09.05 04:13,1.95E+22,99.886,-0.01149388,5015.613,25.838,1354.639,50.936,-0.03337786,41.484,104.294,-0.18867214,3.01E+13,1.59E+13,2.13E+23,34.815,622.338623,4.331,367.919,0
1999,11564,1.2,2012.09.08 22:36,5.16E+22,102.979,-0.00016598,3479.973,18.09,3253.984,45.887,-0.00056673,36.46,105.102,-0.0675038,7.60E+13,1.10E+13,4.03E+23,31.989,1923.113525,4.293,14.463,0
2040,11583,1.3,2012.09.29 04:33,4.14E+22,95.649,-0.00237827,3733.453,15.807,2606.848,43.996,-0.00764184,35.768,97.58,-0.16111401,5.81E+13,7.30E+12,3.45E+23,29.651,1196.169067,4.307,165.63,0
2191,11613,2,2012.11.11 23:28,1.18E+22,78.021,0.00768813,7790.09,28.281,655.773,40.372,0.01747588,41.927,87.267,0.10687703,1.27E+13,4.56E+12,1.84E+23,33.841,276.573334,4.088,136.733,0
2191,11613,6,2012.11.12 02:04,1.25E+22,80.763,0.00798378,7571.263,27.089,745.783,42.881,0.01842248,40.572,87.197,0.01576083,1.45E+13,4.31E+12,1.89E+23,33.313,296.14389,4.01,149.688,0
2191,11613,2.5,2012.11.12 05:50,1.37E+22,86.045,0.01037967,6807.944,23.167,902.419,43.351,0.02544454,39.901,92.009,-0.05575399,1.74E+13,6.87E+12,1.91E+23,30.922,326.912415,4.257,219.271,0
2191,11613,2.8,2012.11.12 20:54,1.99E+22,96.495,0.02555396,6666.916,21.285,1734.705,47.206,0.06451791,37.311,102.013,0.09360861,3.05E+13,2.75E+13,2.70E+23,31.085,471.60788,4.364,779.242,0
2191,11613,1.1,2012.11.13 04:04,1.94E+22,101.265,0.02283379,6675.5,22.394,1690.464,48.301,0.06093415,37.559,107.354,0.10619564,3.14E+13,2.55E+13,2.71E+23,31.436,535.365051,4.423,697.298,0
2220,11618,1.6,2012.11.19 19:28,1.59E+22,121.355,-0.00498566,4866.776,29.29,1603.357,69.298,-0.01433488,47.19,123.045,0.2547577,3.48E+13,3.55E+12,1.75E+23,36.875,719.393494,4.199,135.291,0
2220,11618,1.4,2012.11.20 06:56,1.74E+22,110.129,-0.01163485,5840.821,37.701,2154.648,70.678,-0.03979835,52.126,111.417,0.13955328,4.53E+13,1.27E+13,2.67E+23,41.68,888.004028,4.597,401.065,0
2220,11618,1.6,2012.11.26 15:57,3.29E+22,78.906,0.00035225,2876.191,11.7,1513.531,35.662,0.00109367,32.251,82.396,-0.08790231,3.21E+13,2.32E+12,1.97E+23,25.313,587.663452,4.131,18.145,0
2227,11620,1,2012.11.26 21:26,2.22E+22,104.886,-0.00211576,9300.702,46.434,2252.531,66.944,-0.00523722,54.044,110.594,-0.06783197,4.82E+13,1.34E+12,4.75E+23,45.83,898.638916,4.722,81.374,0
2227,11620,2.2,2012.11.27 21:36,3.04E+22,99.414,0.00338808,8247.434,38.84,2531.56,59.164,0.00807305,49.09,106.822,-0.16100435,5.30E+13,1.15E+13,5.33E+23,42.044,1083.846191,4.695,164.959,0
2372,11654,1.2,2013.01.10 09:11,6.01E+22,74.129,0.00083903,10262.04,39.254,4106.484,45.183,0.00186916,48.452,85.756,-0.02516874,8.45E+13,5.23E+12,1.29E+24,41.446,1737.654785,5.07,79.196,0
2372,11654,1,2013.01.10 15:07,5.76E+22,81.311,0.0006059,11216.07,39.753,4329.078,50.439,0.00123534,47.663,91.876,-0.09690796,8.63E+13,5.10E+12,1.26E+24,41.881,1848.316162,4.981,51.341,0
2362,11652,1,2013.01.12 00:50,2.63E+22,116.544,-0.00827851,4925.465,27.334,2384.646,61.438,-0.02841177,43.193,116.195,0.08878852,5.37E+13,1.19E+13,3.07E+23,35.398,1575.37793,4.212,388.974,0
2362,11652,1.7,2013.01.12 08:38,2.37E+22,122.095,-0.011109,4721.589,24.472,2264.303,62.59,-0.03677161,41.66,122.212,0.07578741,5.14E+13,1.45E+13,2.58E+23,33.804,1569.868774,4.213,456.558,0
2491,11675,1.9,2013.02.16 15:50,1.04E+21,119.115,0.00975131,2863.298,33.274,111.146,62.813,0.04065397,48.607,118.901,0.46471453,2.98E+12,8.25E+11,8.50E+21,40.086,33.391842,2.575,21.804,0
2546,11692,1.6,2013.03.20 22:04,4.35E+22,69.833,-0.01035326,6054.787,18.971,2367.567,37.074,-0.02748813,37.931,79.226,0.04342642,4.52E+13,2.77E+13,5.38E+23,30.562,1082.10144,4.164,692.364,0
2636,11718,3.3,2013.04.11 20:38,2.62E+22,96.665,-0.00221427,8801.849,41.5,2000.955,57.652,-0.00524614,49.127,103.732,-3.13E-06,4.20E+13,2.73E+12,4.77E+23,43.05,944.347839,4.568,90.367,0
2673,11726,1,2013.04.21 10:29,2.55E+22,105.067,0.01628985,11131.19,51.159,3160.26,75.553,0.03922442,58.858,109.883,-0.11365727,6.30E+13,2.26E+13,6.77E+23,48.652,1029.151855,4.935,746.01,0
2693,11731,1.1,2013.05.01 05:10,2.80E+22,106.475,0.00788042,6620.555,37.823,3160.796,66.868,0.02833941,51.586,109.704,0.15726463,6.88E+13,2.04E+13,4.89E+23,41.366,1848.680298,4.763,438.522,0
2693,11731,1.3,2013.05.02 16:55,3.05E+22,111.395,0.00011248,3574.063,26.704,2622.882,56.201,0.000477,43.028,112.347,0.06600133,6.84E+13,4.36E+12,2.92E+23,35.852,1686.58313,4.492,6.917,0
2748,11748,1.3,2013.05.15 21:53,2.98E+22,86.79,-0.01517247,5676.493,21.282,2017.186,46.097,-0.03688061,38.133,92.166,-0.06676991,3.81E+13,2.56E+13,3.31E+23,31.502,817.57251,4.45,665.692,0
2748,11748,3.2,2013.05.16 08:57,2.66E+22,89.119,-0.01194834,5305.261,26.385,1903.925,47.055,-0.03551177,41.457,93.06,-0.06670851,4.17E+13,2.48E+13,3.16E+23,34.736,795.950317,4.437,535.071,0
2809,11760,1,2013.05.30 20:00,7.31E+21,99.255,-0.00561912,2046.85,7.153,462.517,38.994,-0.01911901,28.812,102.203,-0.56616181,9.57E+12,3.61E+12,3.15E+22,24.226,170.200424,3.553,65.114,0
2790,11762,1.3,2013.06.04 08:57,3.15E+22,98.612,0.01300396,7806.081,29.797,2442.625,49.808,0.03280706,42.525,105.058,-0.17237462,4.91E+13,2.38E+13,5.20E+23,36.399,1099.826904,4.619,652.174,0
3048,11817,1.5,2013.08.11 10:41,1.46E+22,110.642,-0.00493695,4946.856,24.72,1324.158,59.301,-0.01453648,42.134,115.163,0.204137,2.87E+13,2.96E+12,1.64E+23,35.211,552.71875,4.331,123.379,0
3056,11818,3.3,2013.08.16 18:24,1.55E+22,92.057,0.02907567,12752.83,51.239,1641.135,59.229,0.06664854,56.221,97.841,0.15169068,3.18E+13,3.10E+13,4.58E+23,47.902,801.627441,4.452,786.119,0
3056,11818,1.4,2013.08.16 19:33,1.57E+22,91.46,0.02970199,12653.36,51.007,1723.929,58.485,0.06670746,55.664,98.21,0.42019209,3.27E+13,3.14E+13,4.58E+23,47.817,799.585083,4.582,809.765,0
3263,11865,1.7,2013.10.12 00:43,2.37E+22,104.312,0.0139667,6120.135,24.339,1846.09,52.474,0.04255519,41.117,107.941,-0.06146815,3.85E+13,2.92E+13,3.28E+23,33.954,880.184082,4.33,564.297,0
3263,11865,1.8,2013.10.14 08:38,1.76E+22,111.534,0.01282087,4974.183,27.769,1706.972,58.804,0.04566997,45.296,111.613,0.19710737,3.61E+13,1.35E+13,2.28E+23,36.178,891.899719,4.258,442.858,0
3263,11865,1.3,2013.10.14 23:36,1.73E+22,123.893,0.0213773,5975.426,25.57,1808.726,63.154,0.06450654,43.136,126.147,0.06848366,3.45E+13,2.16E+13,2.39E+23,34.61,903.439697,4.293,643.286,0
3258,11861,1.2,2013.10.16 15:41,3.47E+22,91.176,-0.00448553,8210.716,32.243,2443,49.355,-0.01010708,44.733,96.502,-0.20131709,4.90E+13,5.62E+12,5.83E+23,37.913,1135.925171,4.58,239.756,0
3291,11875,1,2013.10.21 00:22,2.61E+22,103.434,-0.0020511,3801.825,26.762,2024.794,52.367,-0.00798426,43.791,104.236,0.05730667,5.08E+13,1.52E+12,2.57E+23,36.32,1149.549072,4.228,104.428,0
3291,11875,1,2013.10.21 15:20,2.66E+22,104.653,-0.00801272,6355.938,35.371,2727.837,62.052,-0.0280538,48.825,107.377,0.0766759,6.46E+13,1.35E+13,4.37E+23,40.748,1458.736694,4.712,414.827,0
3291,11875,2.7,2013.10.22 20:53,3.22E+22,101.556,-0.0042304,9200.475,46.973,3800.031,67.085,-0.01317617,56.571,107.188,0.17363268,8.10E+13,1.54E+13,7.92E+23,46.668,1798.98645,4.898,274.375,0
3291,11875,1.4,2013.10.22 23:43,3.28E+22,103.995,-0.0058415,11170.43,49.467,4114.347,71.997,-0.01605433,57.665,110.483,0.16915154,8.15E+13,2.13E+13,9.15E+23,47.678,1824.135254,4.867,360.309,0
3291,11875,3.1,2013.10.23 00:08,3.30E+22,103.535,-0.00557373,11404.43,49.933,4134.292,71.988,-0.01504535,57.74,110.165,0.13818315,8.11E+13,2.47E+13,9.32E+23,47.876,1837.375854,4.85,342.929,0
3291,11875,2.5,2013.10.23 10:09,3.67E+22,102.84,-0.00250873,13045.51,49.284,4374.485,69.8,-0.0058955,56.703,108.796,0.38001361,8.73E+13,1.81E+13,1.12E+24,47.38,2019.052979,4.936,161.711,0
3291,11875,3.5,2013.10.23 10:33,3.64E+22,103.187,-0.00251064,13318.46,49.706,4402.617,70.188,-0.00580732,56.778,108.972,0.35159326,8.71E+13,1.68E+13,1.12E+24,47.475,2013.446777,4.982,159.024,0
3311,11882,1,2013.10.25 19:53,2.00E+22,82.292,-0.00971712,13341.15,34.042,2246.356,51.004,-0.01979773,45.264,100.621,0.03183401,3.16E+13,1.08E+13,5.08E+23,38.299,533.493652,4.506,278.531,0
3291,11875,3.5,2013.10.26 12:48,4.76E+22,91.887,-0.01002248,9230.268,34.904,3411.01,49.866,-0.0251289,46.375,96.552,0.15897547,7.46E+13,3.50E+13,9.79E+23,39.915,1838.830688,4.774,800.435,0
3295,11877,1.4,2013.10.27 11:53,3.75E+22,94.494,0.00647992,7318.75,35.197,2440.368,49.059,0.01928757,46.773,95.425,0.03585327,6.16E+13,2.14E+13,6.74E+23,40.557,1717.238281,4.529,449.123,0
3291,11875,2.8,2013.10.27 14:05,6.13E+22,82.705,-0.00777502,9148.02,28.463,3732.605,43.218,-0.01836613,42.408,90.285,0.02943901,7.75E+13,3.60E+13,1.15E+24,36.424,1898.348022,4.598,733.635,0
3311,11882,2.7,2013.10.27 15:01,2.12E+22,92.241,-0.01783102,13152.78,49.082,2427.452,64.193,-0.03540986,53.904,103.565,-0.06589366,4.36E+13,1.49E+13,5.67E+23,47.606,778.499268,4.665,578.652,0
3311,11882,4.4,2013.10.27 15:15,2.12E+22,92.774,-0.01742227,13239.88,49.062,2398.762,63.998,-0.03425881,54.026,104.321,-0.10455449,4.37E+13,1.46E+13,5.68E+23,47.669,782.204346,4.651,562.826,0
3291,11875,1.5,2013.10.27 20:57,6.59E+22,78.439,-0.00805914,9726.277,28.454,3949.909,41.764,-0.01786138,41.773,86.488,-0.01139923,7.90E+13,3.64E+13,1.26E+24,36.447,1955.866821,4.381,783.268,0
3321,11884,6.3,2013.10.31 19:53,3.63E+22,96.239,0.00474979,8790.732,42.49,3306.059,55.97,0.01362676,51.011,99.593,0.06157223,7.47E+13,1.16E+13,7.75E+23,43.603,1744.871704,4.588,315.419,0
3321,11884,1.6,2013.11.01 22:21,3.17E+22,99.376,0.0057029,8063.062,44.26,2850.067,59.359,0.01741672,53.197,99.886,0.10930205,6.42E+13,1.51E+13,6.56E+23,44.391,1685.751465,4.44,349.445,0
3321,11884,5,2013.11.02 05:22,2.87E+22,104.55,0.00842025,8736.192,41.65,2718.343,60.82,0.02272852,51.665,107.036,0.14399926,5.92E+13,1.44E+13,5.95E+23,43.194,1607.026367,4.485,431.782,0
3341,11890,2.5,2013.11.04 08:18,7.00E+22,75.201,0.00538125,9373.65,31.078,4606.029,43.941,0.01162965,43,84.8,-0.14855587,8.78E+13,1.72E+13,1.25E+24,37.218,2183.89917,4.815,538.329,0
3341,11890,33,2013.11.04 22:12,7.42E+22,83.179,0.00923139,10297.19,33.624,5564.598,48.433,0.01984761,44.328,92.555,-0.06977245,1.04E+14,3.31E+13,1.48E+24,38.927,2338.015625,5.039,998.44,0
3341,11890,3.8,2013.11.05 13:46,6.43E+22,90.18,0.0118463,10703.59,34.929,5568.691,53.186,0.02663513,45.436,97.153,-0.17053886,1.04E+14,3.69E+13,1.38E+24,40.045,2489.069092,5.008,1146.615,0
3341,11890,2.3,2013.11.06 03:40,6.01E+22,98.057,0.01033712,11458.73,38.943,5672.128,58.183,0.02207041,47.56,105.735,-0.13224129,1.07E+14,1.75E+13,1.36E+24,41.782,2477.682129,5.019,926.754,0
3341,11890,2.4,2013.11.06 14:25,5.44E+22,95.863,0.01107847,10735.94,42.496,5236.818,58.526,0.02730992,50.191,101.785,-0.07150545,1.08E+14,3.13E+13,1.27E+24,43.897,2422.064209,4.961,989.817,0
3344,11891,2.3,2013.11.07 09:28,6.93E+21,109.741,0.02207863,7782.875,39.619,835.871,74.259,0.06229154,53.03,116.057,-0.09392605,1.62E+13,1.05E+13,1.28E+23,41.993,305.427887,4.225,273.51,0
3376,11899,1,2013.11.14 02:29,5.08E+22,66.369,-0.00313704,12760.21,30.88,2722.357,35.835,-0.00635327,42.467,70.846,0.02473374,5.21E+13,9.68E+12,1.26E+24,36.572,1209.313477,4.346,234.073,0
3364,11900,1.2,2013.11.15 04:53,2.26E+22,102.97,-0.00519986,9111.009,47.174,2424.235,66.653,-0.01340435,55.061,105.091,0.17589226,4.92E+13,1.23E+13,4.98E+23,45.963,1012.152771,4.446,214.187,0
3364,11900,1.6,2013.11.15 07:49,2.20E+22,111.551,-0.00219081,9813.479,45.688,2326.998,72.297,-0.00521972,54.235,112.631,0.0534235,4.65E+13,3.67E+12,4.89E+23,45.052,1045.884277,4.582,82.171,0
3364,11900,1,2013.11.16 05:10,2.91E+22,106.46,0.00100805,8188.277,39.661,2730.361,61.501,0.00276994,50.591,109.302,0.05669066,5.85E+13,2.08E+12,5.69E+23,42.769,1198.16626,4.824,52.725,0
3376,11904,1.1,2013.11.22 02:32,4.69E+22,92.193,-0.00690192,14987.98,35.123,3296.82,47.192,-0.01269313,46.073,95.326,-0.09165645,6.73E+13,9.62E+12,1.43E+24,40.132,1874.664429,4.221,496.855,0
3376,11904,1,2013.11.22 12:57,5.42E+22,88.829,-0.00554374,12478.09,29.505,3683.614,43.724,-0.01144716,42.814,93.1,-0.14375918,7.44E+13,1.44E+13,1.41E+24,37.109,1969.982544,4.331,470.314,0
3437,11909,1.2,2013.12.06 07:29,1.71E+22,107.28,0.00017123,4903.066,23.499,1061.312,50.987,0.00051635,40.248,107.588,-0.11576606,2.56E+13,2.31E+12,1.91E+23,34.19,675.293823,3.835,5.012,0
3497,11928,1.9,2013.12.21 08:11,4.20E+22,100.781,0.0049527,7557.203,32.031,3214.241,53.984,0.01204546,44.407,104.894,0.06500685,6.77E+13,2.03E+13,6.71E+23,37.43,1477.576904,4.727,331.306,0
3497,11928,1.1,2013.12.21 08:37,4.16E+22,101.998,0.00549213,7757.803,31.126,3212.485,55.061,0.01288447,44.118,106.704,0.05098388,6.64E+13,2.11E+13,6.66E+23,36.996,1487.399902,4.77,354.913,0
3520,11934,1.6,2013.12.21 14:38,4.48E+22,85.965,-0.0004938,5684.855,21.246,2664.547,40.596,-0.00139761,37.774,90.094,0.03570839,6.10E+13,4.22E+12,5.48E+23,31.999,1245.888062,4.274,35.861,0
3497,11928,3.3,2013.12.21 15:12,4.26E+22,102.758,0.00205268,8021.823,30.868,3351.165,56.235,0.00455906,43.929,108.385,-0.22602671,6.63E+13,8.60E+12,6.82E+23,36.67,1499.794556,4.82,131.343,0
3497,11928,1.6,2013.12.21 22:08,4.58E+22,99.637,0.00151124,7804.07,27.643,3503.19,53.989,0.00329603,42.112,105.042,-0.09799925,6.63E+13,6.64E+12,6.93E+23,35.085,1449.291626,4.792,101.102,0
3497,11928,1.3,2013.12.22 00:03,4.63E+22,97.228,-0.00094865,7505.92,28.228,3558.294,52.615,-0.00214997,42.138,103.027,-0.11732382,6.85E+13,4.14E+12,6.92E+23,35.309,1435.036743,4.801,65.816,0
3497,11928,1.6,2013.12.22 09:06,4.82E+22,90.851,-0.00636345,7895.941,24.697,3695.585,48.485,-0.01402095,40.024,98.759,-0.12504168,6.39E+13,8.68E+12,7.22E+23,33.223,1430.366211,4.885,438.308,0
3535,11936,3.1,2013.12.28 07:56,1.67E+22,116.571,-0.0046671,4424.947,29.623,1597.349,65.689,-0.01602875,47.035,115.651,0.27250668,3.63E+13,8.48E+12,1.83E+23,37.541,981.339661,4.092,145.105,0
3535,11936,6.4,2013.12.30 21:58,2.75E+22,111.439,-0.00292656,7852.725,39.638,2774.179,69.227,-0.00836089,51.937,113.696,0.18384533,5.96E+13,4.67E+12,5.21E+23,42.523,1490.717041,4.562,146.155,0
3535,11936,9.9,2013.12.31 18:52,3.64E+22,108.693,-0.00184212,6761.546,37.02,3208.241,61.21,-0.00507283,48.467,112.675,0.09689964,7.10E+13,3.11E+12,5.67E+23,40.857,1689.716797,4.561,116.376,0
3563,11944,1.3,2014.01.03 10:25,1.21E+23,76.857,0.007566,9301.485,31.801,7849.425,43.782,0.01679506,43.784,86.002,0.05171748,1.63E+14,5.10E+13,2.27E+24,39.066,3627.456543,4.969,1387.272,0
3563,11944,1.3,2014.01.03 10:25,1.21E+23,76.857,0.007566,9301.485,31.801,7849.425,43.782,0.01679506,43.784,86.002,0.05171748,1.63E+14,5.10E+13,2.27E+24,39.066,3627.456543,4.969,1387.272,0
3580,11946,1,2014.01.06 03:53,9.09E+21,101.629,0.0119807,8951.146,50.236,880.432,69.102,0.03000001,57.765,104.225,0.11667376,1.93E+13,5.36E+12,1.99E+23,47.786,361.579712,4.087,200.521,0
3563,11944,7.2,2014.01.06 10:13,9.75E+22,87.304,0.01155664,13103.26,48.664,7875.446,53.836,0.02724716,54.019,90.792,0.15166643,1.77E+14,7.52E+13,2.99E+24,47.4,4496.787598,5.112,1986.055,0
3563,11944,1.3,2014.01.12 21:51,8.92E+22,76.353,0.00664197,9926.867,29.801,4785.45,39.52,0.01434593,42.314,82.567,-0.0898074,9.39E+13,3.88E+13,1.72E+24,35.151,2715.32251,4.607,864.811,0
3686,11967,1,2014.01.31 01:25,8.33E+22,94.567,-0.00584021,13193.59,31.656,7628.563,51.823,-0.01109998,43.148,100.869,0.07755501,1.21E+14,1.26E+13,2.06E+24,37.263,2696.802002,5.136,685.413,0
3686,11967,3,2014.01.31 07:23,7.78E+22,100.466,-0.0073778,14293.71,33.554,8028.357,56.553,-0.01315658,44.508,106.481,0.09463043,1.26E+14,2.07E+13,2.03E+24,38.517,2886.016846,5.199,788.731,0
3688,11968,2.6,2014.02.01 06:34,2.47E+22,115.724,-0.00498313,5264.112,25.474,2205.282,58.981,-0.01460313,41.895,118.125,0.11127156,4.77E+13,3.54E+12,2.80E+23,34.663,1410.858032,4.356,199.689,0
3686,11967,2.2,2014.02.01 08:20,7.64E+22,103.122,-0.01259241,18228.12,41.717,9644.953,65.626,-0.02134517,49.84,110.408,0.17098105,1.41E+14,3.17E+13,2.59E+24,42.858,3399.223633,5.25,1346.695,0
3686,11967,4.4,2014.02.01 09:31,7.66E+22,100.128,-0.01335831,17528.71,41.739,9267.285,63.772,-0.02507111,49.975,106.941,0.16615762,1.45E+14,3.07E+13,2.62E+24,43.134,3445.565674,5.258,1505.535,0
3686,11967,1.3,2014.02.01 14:06,7.29E+22,100.724,-0.01625506,20001.11,44.739,9399.67,66.097,-0.02787744,51.551,110.096,0.21076843,1.46E+14,4.00E+13,2.72E+24,44.865,3545.108643,5.2,1664.111,0
3686,11967,1.3,2014.02.01 22:04,7.64E+22,101.995,-0.01917066,21053.93,46.331,10409.904,68.074,-0.02966469,52.535,110.863,0.19288281,1.44E+14,5.66E+13,2.94E+24,45.719,3603.744873,5.417,2015.105,0
3688,11968,3.8,2014.02.03 01:23,2.35E+22,115.476,-0.00734665,7984.953,39.506,2315.319,72.141,-0.01837748,51.566,119.138,0.18545902,5.00E+13,1.16E+13,4.05E+23,41.492,1621.713257,4.476,280.737,0
3686,11967,5.2,2014.02.03 04:00,7.48E+22,100.576,-0.02922837,25132.4,52.4,10216.24,71.938,-0.04160662,56.549,112.061,0.14506125,1.44E+14,9.45E+13,3.33E+24,48.538,3883.043701,5.392,2920.265,0
3686,11967,1.4,2014.02.03 09:49,7.38E+22,100.229,-0.02696144,24043.29,52.756,9626.704,71.287,-0.04016656,56.438,111.266,0.23630834,1.39E+14,9.31E+13,3.18E+24,48.473,3983.966309,5.466,2689.161,0
3686,11967,1.5,2014.02.03 16:02,7.22E+22,99.104,-0.02926943,23529.43,52.522,9501.064,69.646,-0.04591113,56.183,109.441,0.24706797,1.36E+14,9.69E+13,3.13E+24,48.477,4015.615967,5.38,2931.274,0
3686,11967,1.3,2014.02.04 16:20,7.14E+22,105.218,-0.02639362,21292.09,48.347,9584.797,72.291,-0.04073127,53.58,113.069,0.27436295,1.34E+14,7.84E+13,2.75E+24,46.023,3936.968506,5.36,2562.372,0
3686,11967,1.5,2014.02.05 23:05,8.06E+22,102.657,-0.01367872,16757.45,34.67,8162.099,59.41,-0.02223043,45.09,110.482,0.23172288,1.23E+14,3.27E+13,2.40E+24,38.961,3365.584717,5.127,1474.661,0
3686,11967,2,2014.02.06 04:56,8.35E+22,104.138,-0.0138733,16056.7,31.173,8160.242,58.682,-0.02254518,43.125,111.372,0.10188972,1.23E+14,3.24E+13,2.35E+24,37.237,3278.167236,5.131,1525.619,0
3688,11968,1.9,2014.02.06 10:29,5.76E+22,101.043,-0.01214812,9524.636,29.912,4445.93,56.373,-0.02628127,43.592,108.931,-0.0526572,8.51E+13,5.03E+13,1.03E+24,37.474,2240.61499,4.973,985.747,0
3721,11974,1.8,2014.02.10 16:51,1.76E+22,109.721,0.00200446,8154.069,39.152,1792.835,68.419,0.00547508,52.501,111.486,0.29052779,3.79E+13,4.69E+12,3.42E+23,41.215,1185.150635,4.348,63.243,0
3721,11974,3.7,2014.02.11 04:25,2.04E+22,111.287,-0.01533557,10964.62,45.191,2670.026,76.157,-0.03792126,56.146,117.588,0.04953983,4.72E+13,1.86E+13,5.08E+23,44.73,1368.005371,4.773,534.583,0
3721,11974,2.3,2014.02.11 06:58,2.17E+22,110.77,-0.01567802,10387.68,44.849,2865.102,72.291,-0.03902875,55.824,118.433,0.29429427,5.20E+13,1.99E+13,5.19E+23,44.738,1432.431274,4.768,589.854,0
3721,11974,2.1,2014.02.11 15:51,2.31E+22,108.677,-0.00455818,9967.262,48.395,3077.788,73.422,-0.01253367,58.011,115.45,0.14268674,5.84E+13,3.12E+12,5.65E+23,46.546,1589.143188,4.878,194.402,0
3721,11974,1,2014.02.12 02:51,2.64E+22,117.345,-0.00831422,10304.9,47.116,3872.626,81.87,-0.02073045,57.658,122.493,0.23868836,7.15E+13,1.38E+13,6.26E+23,46.034,1599.183228,4.938,380.567,0
3721,11974,1,2014.02.12 08:12,2.63E+22,115.565,-0.0031165,10857.17,47.593,4012.999,80.538,-0.00765615,58.056,123.624,0.15377295,7.29E+13,4.42E+12,6.59E+23,46.689,1617.074585,5.021,142.433,0
3721,11974,2.3,2014.02.13 02:57,3.24E+22,115.279,-0.00207269,13580.88,49.464,4981.786,81.452,-0.00461968,57.077,124.992,0.16467853,9.06E+13,1.63E+13,9.68E+23,47.327,1784.161987,5.088,111.279,0
3721,11974,1.1,2014.02.13 13:28,3.43E+22,108.096,-0.00216499,12384.76,48.709,4405.018,75.859,-0.00512277,56.56,116.443,0.03196673,8.23E+13,2.15E+13,9.62E+23,46.842,1840.312134,5.075,126.578,0
3721,11974,1,2014.02.13 16:39,3.60E+22,110.036,-0.00235195,12832.87,49.033,4737.63,77.631,-0.00531852,56.647,119.741,-0.02373664,8.71E+13,2.09E+13,1.02E+24,46.944,1913.444214,5.202,140.132,0
3740,11977,1.1,2014.02.15 09:26,2.11E+22,99.386,0.00098643,7680.9,38.836,1723.203,59.053,0.00305168,50.565,99.808,0.29222938,3.89E+13,5.74E+12,3.90E+23,41.943,1298.377686,4.257,37.721,0
3730,11976,3,2014.02.19 07:56,2.45E+22,86.158,0.00412093,6070.176,20.82,1429.913,38.284,0.01046787,36.3,90.791,-0.15060009,2.66E+13,2.85E+12,2.97E+23,30.428,680.018921,4.285,151.869,0
3766,11982,1.1,2014.02.25 15:01,5.63E+22,108.71,-0.00226881,5780.816,31.762,4537.523,59.06,-0.00655201,45.224,109.025,-0.09377633,9.56E+13,4.55E+12,7.23E+23,37.589,2655.638672,4.664,213.774,0
3804,11991,1.1,2014.02.27 00:48,1.80E+22,80.354,-0.00309878,9815.655,32.269,1074.209,46.999,-0.00588031,42.93,90.389,0.21768576,1.84E+13,2.67E+12,3.09E+23,37.616,502.806244,4.181,73.565,0
3779,11986,1.1,2014.03.01 23:19,1.67E+22,71.686,0.000661,800.3797,0.65,505.182,24.736,0.00300473,22.653,72.321,-0.01974778,1.21E+13,1.98E+12,3.06E+22,17.531,249.693008,0,19.021,0
3784,11989,1.2,2014.03.02 15:58,3.49E+22,122.1,-0.00521009,4242.888,18.184,2685.186,58.645,-0.01656346,38.997,121.551,0.28312859,5.85E+13,1.07E+13,3.26E+23,30.525,2542.764893,4.338,301.362,0
3804,11991,1,2014.03.04 02:10,1.70E+22,111.589,-0.01551962,10546.54,46.408,1765.262,73.689,-0.03362359,55.463,114.49,0.22525185,3.66E+13,1.63E+13,3.86E+23,45.249,861.27594,4.506,428.109,0
3836,12002,1,2014.03.08 20:28,8.61E+21,99.076,-0.01582379,3909.277,7.61,609.965,50.883,-0.03077707,30.02,104.443,-0.15949354,9.26E+12,5.94E+12,5.38E+22,23.836,223.03891,3.837,164.061,0
3836,12002,1.1,2014.03.09 00:26,9.34E+21,97.285,-0.01747314,4262.995,11.449,625.089,52.927,-0.03660246,33.657,106.76,-0.09992884,1.04E+13,9.89E+12,6.79E+22,27.452,242.262894,3.833,209.538,0
3836,12002,1,2014.03.09 04:08,1.05E+22,100.482,-0.01146684,5420.291,13.506,825.332,56.782,-0.02529536,35.717,110.518,-0.08762138,1.39E+13,8.32E+12,1.00E+23,28.952,252.079132,3.993,159.951,0
3836,12002,1.7,2014.03.09 15:28,1.28E+22,109.896,-0.01880891,5753.842,17.768,1130.481,59.296,-0.03964996,37.002,122.25,-0.06114666,1.95E+13,1.63E+13,1.29E+23,31.061,423.740051,4.377,316.61,0
3813,11996,1.4,2014.03.09 23:00,2.05E+22,106.507,-0.00120353,4527.642,20.026,1413.384,52.627,-0.00339171,39.41,109.646,-0.27581057,2.98E+13,4.69E+12,1.97E+23,32.464,769.976562,4.137,39.485,0
3813,11996,3.5,2014.03.10 03:50,2.38E+22,104.245,-0.00362696,4319.273,18.826,1688.163,52.989,-0.01011469,38.503,108.726,-0.28699887,3.62E+13,5.55E+12,2.14E+23,31.668,844.473083,4.347,135.111,0
3813,11996,2.5,2014.03.11 11:05,3.54E+22,89.631,-0.00668087,6626.975,20.445,2336.209,47.225,-0.01428929,37.112,97.64,-0.21937062,3.89E+13,1.11E+13,4.18E+23,31.066,1017.505493,4.514,317.355,0
3813,11996,9.3,2014.03.11 22:34,3.82E+22,70.786,-0.00720731,5647.585,19.567,2199.255,39.914,-0.01735862,37.161,78.195,-0.01767576,3.69E+13,1.19E+13,4.08E+23,29.54,932.753845,4.36,392.402,0
3856,12010,1.7,2014.03.19 03:56,2.64E+22,109.826,0.01052175,3982.09,11.891,1960.736,52.91,0.03035102,34.366,114.165,0.21668899,3.83E+13,2.08E+13,2.13E+23,27.641,1284.223633,4.42,423.921,0
3894,12017,2,2014.03.27 19:18,1.08E+22,118.442,0.00237612,6342.31,32.085,892.25,71.547,0.00617115,50.166,117.588,0.06705087,1.87E+13,2.31E+12,1.51E+23,37.8,764.783936,3.506,42.64,0
3894,12017,2.6,2014.03.27 23:51,1.08E+22,121.958,0.00328595,6353.502,31.046,965.209,71.369,0.00843873,48.68,122.93,0.09098559,2.09E+13,3.68E+12,1.49E+23,36.94,751.767944,3.586,58.181,0
3894,12017,2.1,2014.03.29 11:55,1.27E+22,118.281,0.01454859,7014.868,25.095,1218.948,65.183,0.0397124,42.859,123.86,0.1784803,2.43E+13,1.41E+13,1.87E+23,34.688,820.385559,4.459,291.787,0
3879,12014,1.4,2014.03.30 08:07,3.38E+22,77.984,-7.79E-05,4841.841,14.427,1427.553,33.834,-0.00020421,33.038,81.414,-0.11113963,2.79E+13,2.92E+12,3.21E+23,27.646,848.131287,4.231,3.896,0
4000,12035,1,2014.04.15 19:59,4.31E+22,106.102,0.01149601,5450.434,24.044,3266.805,53.283,0.03308992,41.072,108.024,0.1651255,6.85E+13,3.15E+13,5.06E+23,33.873,2009.171265,4.504,803.238,0
4097,12056,5.2,2014.05.07 10:07,7.83E+22,70.105,0.00160211,10372.03,31.43,4585.568,39.099,0.00339722,43.169,78.205,-0.04270892,8.53E+13,2.57E+12,1.55E+24,35.649,2276.028564,4.784,179.912,0
4138,12065,1.3,2014.05.23 18:35,2.16E+22,117.018,0.00146038,2712.057,10.849,1476.36,51.17,0.00482862,33.214,116.601,0.17710808,3.02E+13,7.37E+12,1.26E+23,26.869,897.055176,3.917,50.897,0
4186,12077,1.3,2014.06.02 04:09,1.24E+22,102.482,0.01018051,6196.122,22.046,840.824,50.767,0.02643424,40.021,104.348,-0.0390233,1.72E+13,1.07E+13,1.54E+23,33.732,431.053467,3.423,190.07,0
4197,12080,1.4,2014.06.05 19:31,2.18E+22,108.492,0.00765989,5374.442,18.717,1632.29,52.067,0.02044057,37.343,112.532,-0.01051803,3.34E+13,7.70E+12,2.37E+23,31.144,922.061157,4.503,254.508,0
4197,12080,1.8,2014.06.10 05:34,6.07E+22,95.621,0.00356383,11612.76,48.069,4832.572,59.997,0.0080591,53.44,100.883,0.14202335,1.02E+14,2.27E+13,1.50E+24,46.01,3078.03418,4.87,347.01,0
4197,12085,1.8,2014.06.11 09:37,6.82E+22,95.811,0.00602548,10660.24,37.407,4760.954,53.914,0.01211872,46.853,101.826,-0.11301165,9.61E+13,2.68E+13,1.39E+24,40.341,3007.746094,4.838,590.087,0
4231,12089,1.1,2014.06.11 20:03,3.57E+21,144.564,0.02487393,6385.363,24.915,539.639,91.622,0.05967132,46.563,155.292,0.16572794,9.62E+12,7.87E+12,4.51E+22,34.806,182.561783,3.962,132.28,0
4197,12085,1.1,2014.06.14 11:39,6.39E+22,66.171,0.00140382,6461.367,17.701,2774.578,31.902,0.00332038,34.208,74.635,0.00781576,4.66E+13,4.43E+12,7.55E+23,28.043,2981.719482,0,123.484,0
4225,12087,1,2014.06.15 00:01,2.25E+22,103.963,0.0205896,5234.319,21.038,1660.857,47.805,0.06245822,38.719,104.121,0.68382019,3.30E+13,2.76E+13,2.57E+23,32.494,1113.182495,3.409,761.465,0
4344,12113,1.2,2014.07.08 00:26,1.15E+22,90.02,0.00361106,4247.908,16.639,688.069,43.033,0.00875346,35.06,94.182,-0.2272062,1.22E+13,3.21E+12,9.23E+22,27.871,273.216003,3.718,59.073,0
4294,12106,1.5,2014.07.09 22:34,3.09E+22,96.022,0.00072036,2702.874,7.835,1519.767,38.195,0.00221896,29.435,96.234,-0.19873719,3.24E+13,5.05E+12,1.68E+23,24.88,816.385925,3.802,33.688,0
4396,12130,2.5,2014.07.30 11:14,5.02E+22,82.184,0.00077386,7115.601,25.12,3154.689,43.037,0.00189507,39.885,89.425,-0.21731082,6.08E+13,8.64E+12,6.93E+23,32.984,1605.37854,0,56.72,0
4639,12182,1.3,2014.10.08 01:43,2.07E+22,129.642,-0.0007375,2533.339,9.684,1482.138,54.971,-0.00260884,33.06,128.898,0.27430376,3.27E+13,4.90E+12,1.14E+23,26.127,1436.934448,3.601,25.062,0
4639,12182,1.4,2014.10.08 01:58,2.07E+22,130.207,-0.00039486,2526.891,9.081,1449.528,55.105,-0.00139275,32.767,129.389,0.23340753,3.21E+13,4.15E+12,1.13E+23,25.929,1449.483643,3.722,13.353,0
4639,12182,1.2,2014.10.08 06:59,1.98E+22,131.99,0.00182063,2817.82,10.058,1480.744,57.227,0.00600547,33.377,132.065,0.20769942,3.17E+13,3.45E+12,1.18E+23,26.288,1452.218872,3.774,57.494,0
4698,12192,3.9,2014.10.19 09:11,1.25E+23,80.176,-0.00506511,14303.42,33.775,8233.463,44.841,-0.00927889,43.821,92.394,-0.04389242,1.41E+14,3.01E+13,3.10E+24,38.74,4227.217285,4.997,827.594,0
4698,12192,4.5,2014.10.19 16:37,1.37E+23,83.98,-0.00476762,13384.34,33.384,9268.647,46.563,-0.0092371,44.162,94.719,0.03880415,1.70E+14,3.75E+13,3.37E+24,39.135,4440.582031,5.131,902.948,0
4698,12192,1.4,2014.10.19 19:02,1.33E+23,87.175,-0.0055913,14534.96,34.49,9673.208,47.704,-0.01002849,44.528,98.404,0.04313257,1.63E+14,3.21E+13,3.44E+24,39.42,4576.804688,5.187,996.022,0
4698,12192,1.7,2014.10.19 20:04,1.31E+23,88.327,-0.00550902,15457.57,35.428,10058.913,49.464,-0.00954467,44.94,101.012,0.01150371,1.66E+14,2.87E+13,3.51E+24,39.914,4645.686523,5.199,941.74,0
4698,12192,1.2,2014.10.19 22:55,1.39E+23,88.309,-0.00531158,14794.81,34.643,10679.933,48.996,-0.00971546,44.381,101.141,0.04642599,1.79E+14,2.90E+13,3.69E+24,39.577,4735.427734,5.166,998.748,0
4698,12192,8.7,2014.10.21 01:59,1.38E+23,95.271,-0.00596269,17310.74,41.447,12354.98,55.462,-0.01065686,48.51,109.576,0.07297926,2.11E+14,2.14E+13,4.39E+24,43.553,5533.27832,5.35,1137.754,0
4698,12192,2.7,2014.10.21 05:17,1.32E+23,97.22,-0.00602499,18254.02,43.699,11889.348,58.911,-0.00992013,49.681,110.793,0.02850861,2.04E+14,2.28E+13,4.27E+24,44.433,5655.849121,5.363,1062.146,0
4698,12192,16,2014.10.21 14:28,1.29E+23,95.14,-0.00618713,18761.59,46.814,11688.285,59.802,-0.01072704,51.38,109.813,0.10008512,2.13E+14,2.61E+13,4.38E+24,46.038,5950.770996,5.382,1088.422,0
4698,12192,1.1,2014.10.22 09:50,1.32E+23,95.75,-0.00358483,20200.48,50.353,11448.595,60.74,-0.00620174,53.215,109.191,0.12510623,2.16E+14,1.19E+13,4.90E+24,47.543,6501.41748,5.398,655.189,0
4698,12192,31,2014.10.23 21:41,1.42E+23,95.081,-0.00287493,19356.54,53.128,11477.119,59.935,-0.00512563,54.666,104.974,0.0581721,2.21E+14,6.21E+12,5.28E+24,49.2,6846.543945,5.417,590.085,0
4698,12192,10,2014.10.24 17:08,1.50E+23,96.008,-0.00348048,18389.8,50.852,12280.969,58.114,-0.00587998,53.155,105.777,0.02138764,2.27E+14,1.18E+13,5.15E+24,47.855,7044.97998,5.359,734.111,0
4698,12192,20,2014.10.25 10:56,1.64E+23,92.418,-0.00207693,16178.9,44.031,12732.282,53.888,-0.00395699,49.566,102.635,0.12099912,2.38E+14,2.57E+13,5.15E+24,44.603,7142.945801,5.459,497.723,0
4698,12192,1,2014.10.25 17:17,1.70E+23,97.407,-0.00191454,17386.12,41.615,13597.732,55.521,-0.00314168,47.911,108.259,0.019674,2.33E+14,3.93E+13,5.19E+24,43.145,7112.023438,5.475,430.566,0
4698,12192,1.9,2014.10.25 18:49,1.77E+23,94.295,-0.00188722,15921.77,40.337,13236.691,52.707,-0.00339547,47.286,104.449,0.0936707,2.40E+14,3.70E+13,5.22E+24,42.619,7067.698242,5.451,466.287,0
4698,12192,2.4,2014.10.25 20:21,1.75E+23,95.998,-0.00299593,16253.26,40.691,13129.162,54.482,-0.00516933,47.364,105.102,0.05260317,2.37E+14,2.60E+13,5.12E+24,42.64,6992.087891,5.41,711.149,0
4698,12192,7.1,2014.10.26 00:34,1.77E+23,94.377,-0.00211513,15912.16,39.001,13100.229,53.588,-0.00361299,46.577,103.276,0.02170521,2.37E+14,3.59E+13,5.02E+24,41.852,6900.827637,5.3,502.941,0
4698,12192,1,2014.10.26 02:02,1.78E+23,95.462,-0.00249516,16028.9,38.731,13148.165,54.285,-0.00419135,46.425,104.151,0.01047254,2.35E+14,3.46E+13,5.02E+24,41.656,6936.214844,5.369,588.748,0
4698,12192,1.3,2014.10.26 03:41,1.81E+23,95.085,-0.00240096,15705.96,38.129,13339.108,52.832,-0.00411761,45.945,103.631,0.04879177,2.37E+14,4.08E+13,5.05E+24,41.182,6957.290039,5.423,581.643,0
4698,12192,6.7,2014.10.26 10:09,1.83E+23,90.144,-0.0004808,15004.12,35.874,13077.992,50.528,-0.00088624,44.952,99.021,0.07932328,2.33E+14,5.88E+13,5.02E+24,40.032,6883.268066,5.482,121.047,0
4698,12192,20,2014.10.26 14:47,1.84E+23,90.32,-0.00021518,15093.87,35.011,13269.779,50.314,-0.00037829,44.46,99.174,0.07920273,2.29E+14,6.09E+13,4.95E+24,39.563,6823.04834,5.486,53.178,0
4698,12192,1.4,2014.10.26 17:40,1.92E+23,87.756,0.00013125,15091.48,33.938,13770.992,48.775,0.00022943,43.684,96.824,0.02448187,2.32E+14,4.69E+13,5.12E+24,39.052,6773.321289,5.444,33.53,0
4698,12192,3.4,2014.10.27 02:42,1.96E+23,87.25,1.22E-05,14808.11,31.71,14156.545,48.619,2.05E-05,42.405,96.017,-0.03865151,2.33E+14,3.82E+13,4.97E+24,37.76,6494.164551,5.324,3.088,0
4698,12192,6.6,2014.10.27 03:32,1.96E+23,86.765,-0.00054891,14556.5,31.3,13812.041,47.721,-0.00092657,42.078,95.422,-0.01125753,2.28E+14,3.19E+13,4.91E+24,37.303,6506.261719,5.367,139.278,0
4698,12192,1.6,2014.10.27 14:06,1.96E+23,81.728,-0.00087268,13422.11,28.578,13130.025,45.242,-0.00153391,40.676,90.933,-0.02483752,2.12E+14,2.09E+13,4.56E+24,35.157,6125.493164,5.244,223.275,0
4698,12192,1,2014.10.28 08:20,1.96E+23,73.243,0.00013076,13605.06,27.655,11812.092,41.539,0.00022252,40.051,83.029,-0.08218562,1.85E+14,1.04E+13,4.41E+24,33.951,5580.368652,5.233,31.942,0
4698,12192,1.2,2014.10.28 10:01,1.94E+23,70.758,-0.00044847,13112.81,27.507,11537.965,40.534,-0.00079172,40.301,80.945,-0.02353142,1.81E+14,3.04E+12,4.33E+24,33.707,5562.792969,5.218,111.442,0
4698,12192,1.4,2014.10.28 14:33,1.91E+23,69.187,-0.00030745,13464.62,27.645,11476.043,40.534,-0.00053905,40.244,80.285,0.00675982,1.77E+14,4.46E+12,4.32E+24,33.61,5459.979492,5.256,74.303,0
4698,12192,1,2014.10.28 16:20,1.95E+23,68.202,-0.00100311,13631.61,27.795,11638.328,40.329,-0.00171289,39.872,80.565,-0.05309442,1.80E+14,6.66E+12,4.37E+24,33.827,5388.207031,5.229,242.393,0
4698,12192,1.3,2014.10.28 18:50,1.93E+23,65.669,-0.00059989,13420.68,27.896,11364.622,39.187,-0.00106481,40.529,78.264,-0.01514305,1.76E+14,8.14E+12,4.40E+24,33.786,5414.904785,5.218,148.025,0
4781,12205,2.5,2014.11.05 22:16,4.95E+22,85.001,0.0205768,6894.752,19.718,3914.222,46.896,0.04452963,35.953,96.006,-0.08383337,6.41E+13,4.51E+13,6.05E+23,30.696,1308.449585,4.699,1360.23,0
4781,12205,2.7,2014.11.06 02:49,4.83E+22,89.611,0.02347118,7259.672,20.408,4107.798,49.154,0.04980458,36.802,100.907,-0.10943547,6.58E+13,4.91E+13,6.17E+23,31.202,1359.003662,4.812,1501.921,0
4781,12205,1,2014.11.06 10:22,4.39E+22,92.195,0.02754938,7409.801,20.913,3983.368,49.541,0.06211685,37.418,101.679,0.02691982,6.29E+13,5.47E+13,5.93E+23,31.786,1332.505127,4.757,1661.393,0
4781,12205,2.3,2014.11.08 15:32,3.10E+22,109.123,0.02633971,8138.149,34.274,3545.107,62.264,0.07596355,46.479,112.935,0.24706908,6.64E+13,5.91E+13,5.72E+23,39.17,1625.62561,4.746,1394.424,0
4817,12209,3.2,2014.11.14 12:03,1.06E+23,71.603,0.00100349,8342.48,21.112,5204.915,33.14,0.0022743,35.773,79.629,0.01733452,9.40E+13,4.45E+12,1.63E+24,30.67,3197.015137,4.585,147.436,0
4817,12209,5.7,2014.11.15 17:48,1.31E+23,87.787,0.00377932,7686.938,19.481,7714.841,41.123,0.00924983,36.74,92.284,0.06145165,1.53E+14,3.95E+13,2.00E+24,31.089,4466.322266,4.845,740.071,0
4874,12222,1.8,2014.11.30 06:41,3.58E+22,91.695,-0.00428966,16686.35,51.688,2679.638,58.197,-0.00680775,54.929,96.902,0.00500059,5.29E+13,3.45E+12,1.13E+24,48.077,1410.88208,4.771,219.035,0
4874,12222,1.3,2014.12.03 08:10,3.40E+22,95.154,-0.00332363,16285.87,53.721,2856.312,62.127,-0.00587347,56.206,102.119,0.03912684,5.42E+13,6.87E+12,1.10E+24,49.242,1531.882202,4.755,169.236,0
4874,12222,6.1,2014.12.03 18:25,3.53E+22,96.674,-0.00198268,15929.77,50.529,2773.765,60.516,-0.00339363,54.469,103.877,0.09158196,5.31E+13,4.15E+12,1.09E+24,47.81,1526.291992,4.631,101.946,0
4874,12222,1.3,2014.12.03 19:41,3.65E+22,94.35,-0.00102873,14769.73,50.505,2761.178,57.978,-0.00191239,54.221,100.659,0.0809995,5.54E+13,2.32E+12,1.10E+24,47.782,1519.661499,4.679,57.737,0
4874,12222,1.5,2014.12.04 12:25,3.48E+22,94.97,-0.00368436,13975.13,45.752,2496.812,56.16,-0.00688388,52.367,100.449,0.02067768,4.98E+13,2.66E+12,9.73E+23,45.441,1456.366699,4.66,193.163,0
4920,12242,1.6,2014.12.13 19:33,5.56E+22,108.187,0.00520035,4095.947,13.335,3476.876,44.236,0.01653711,33.33,108.702,0.37078378,7.53E+13,2.44E+13,4.85E+23,27.317,3144.025879,4.234,463.632,0
4920,12242,1.5,2014.12.16 01:10,5.94E+22,109.45,0.00999622,9644.059,33.953,5291.7,61.747,0.0250347,47.257,114.592,0.47811294,1.06E+14,4.07E+13,1.22E+24,38.864,4466.143066,5.021,953.659,0
4941,12241,1.4,2014.12.16 19:01,2.73E+22,101.006,0.01008956,10368.85,43.207,2299.756,63.046,0.02258144,51.754,108.985,0.1213378,5.04E+13,1.50E+13,5.88E+23,44.511,1089.984985,4.753,430.875,0
4920,12242,1.3,2014.12.18 09:44,8.77E+22,107.373,0.01024403,10544.42,33.591,7463.121,59.556,0.02457562,45.117,114.061,0.29296654,1.44E+14,6.88E+13,1.88E+24,38.533,4800.830078,5.226,1374.595,0
4920,12242,1.2,2014.12.20 07:32,1.03E+23,95.549,0.00665213,7195.446,25.365,6927.822,46.427,0.01782149,39.641,101.878,0.18677592,1.39E+14,5.70E+13,1.54E+24,33.288,3651.19751,5.126,1071.685,0
4941,12241,1,2014.12.20 12:17,2.69E+22,81.302,0.01578774,15316.14,60.444,2168.919,57.726,0.03255469,60.188,87.11,0.03427478,4.42E+13,3.23E+13,9.06E+23,52.382,1321.939087,4.549,703.281,0
4920,12242,1,2014.12.21 01:49,9.39E+22,92.694,0.00477825,6836.958,22.905,5753.036,44.896,0.01189268,38.333,97.735,-0.01331084,1.20E+14,4.78E+13,1.27E+24,32.552,2994.421875,5.008,668.482,0
4955,12249,2.2,2014.12.26 02:16,1.77E+22,105.788,0.00153641,5437.988,21.788,1161.795,49.646,0.00428312,38.792,108.138,-0.06195044,2.55E+13,4.65E+12,2.05E+23,32.351,715.437256,4.247,43.551,0
5011,12253,1.1,2015.01.02 09:47,4.07E+22,90.915,0.0019623,10836.75,49.211,3195.711,58.086,0.00460726,53.643,97.143,-0.05175582,7.10E+13,1.02E+13,9.62E+23,47.047,1606.590698,4.876,131.097,0
5011,12253,1.3,2015.01.03 15:36,3.59E+22,91.095,0.00483064,13290.08,54.969,3029.516,61.919,0.01111446,57.124,98.565,-0.0089128,6.58E+13,1.75E+13,1.06E+24,49.675,1822.082153,4.974,290.312,0
5026,12257,4.9,2015.01.12 04:58,3.06E+22,81.705,-0.00082344,8586.288,30.438,2018.188,47.531,-0.00178058,42.936,88.873,-0.08798233,3.67E+13,3.74E+12,4.97E+23,36.956,839.099731,4.292,35.885,0
5107,12268,1.1,2015.01.25 16:53,2.98E+22,93.935,0.00144295,9944.769,36.919,1868.783,50.339,0.00318828,46.751,96.542,0.02569826,4.17E+13,3.02E+12,6.05E+23,40.283,1149.066895,4.17,66.136,0
5107,12268,1.4,2015.01.27 04:41,2.84E+22,99.132,-0.0033359,12051.28,45.598,2152.403,62.428,-0.00707785,53.351,102.974,0.38330999,4.55E+13,8.76E+12,7.17E+23,44.313,1496.577515,4.399,149.492,0
5107,12268,2.1,2015.01.28 11:42,2.38E+22,96.81,-0.00656354,12626.73,51.054,1826.831,63.01,-0.01434825,57.284,99.952,0.40490863,4.14E+13,8.24E+12,6.68E+23,47.556,1629.372192,4.392,261.61,0
5107,12268,2,2015.01.29 00:44,2.48E+22,97.754,-0.00668703,13681.9,50.811,2011.612,65.332,-0.01382986,57.672,101.608,0.20933595,4.41E+13,7.99E+12,7.27E+23,47.657,1631.794556,4.304,267.568,0
5107,12268,1.7,2015.01.29 05:36,2.57E+22,96.402,-0.00504311,11940.43,52.087,1959.15,65.433,-0.01184294,58.352,97.973,0.12633081,4.49E+13,5.47E+12,7.05E+23,48.696,1666.764282,4.364,224.106,0
5127,12277,2.4,2015.01.29 12:16,7.09E+22,71.301,0.00226216,6236.896,20.324,3801.507,38.503,0.00508285,36.452,77.776,-0.12867352,6.58E+13,7.93E+12,7.99E+23,29.796,1945.754761,4.656,218.21,0
5127,12277,1.2,2015.02.03 02:15,2.60E+22,123.128,-0.00727057,6682.86,27.175,2199.324,68.062,-0.01852181,44.706,124.703,0.49270073,4.63E+13,1.06E+13,3.57E+23,34.802,2288.352783,4.041,292.459,0
5144,12280,2.4,2015.02.08 23:35,1.79E+22,101.538,0.00280161,9082.224,42.812,1595.974,62.114,0.00714822,51.974,107.209,0.08737171,3.42E+13,5.23E+12,3.67E+23,43.52,864.771606,4.516,85.272,0
5298,12297,4.5,2015.03.08 14:33,3.02E+22,84.622,0.01786164,6506.06,22.752,1875.221,41.578,0.04280549,37.92,90.092,-0.21385798,3.50E+13,3.71E+13,3.76E+23,32.081,886.331177,4.261,776.696,0
5298,12297,2.9,2015.03.10 00:02,2.90E+22,103.502,0.03183938,9633.623,32.582,2773.889,55.249,0.07061788,44.429,110.235,0.10338405,4.77E+13,5.44E+13,5.54E+23,38.704,1154.420898,4.851,1377.881,0
5298,12297,1,2015.03.10 18:51,2.44E+22,109.164,0.04721068,12333.33,35.149,2962.243,62.781,0.09467006,46.495,116.573,0.18455109,4.65E+13,5.62E+13,5.76E+23,39.78,1247.062744,4.914,1660.541,0
5298,12297,3.2,2015.03.11 04:46,2.47E+22,102.452,0.04098912,13567.82,41.421,2933.521,63.165,0.0870783,50.478,113.003,0.18550964,4.93E+13,6.30E+13,6.89E+23,43.473,1308.109863,4.988,1567.916,0
5298,12297,1.6,2015.03.11 11:50,2.37E+22,106.437,0.04613017,15911.99,43.291,3116.846,69.255,0.08805357,51.707,118.725,0.26296473,5.17E+13,5.64E+13,7.37E+23,44.177,1350.246338,4.978,1608.328,0
5298,12297,1.4,2015.03.11 12:14,2.37E+22,105.847,0.04707745,16196.66,44.181,3200.725,69.339,0.08871289,52.075,119.343,0.27048209,5.21E+13,5.65E+13,7.46E+23,44.476,1352.061646,5.005,1632.929,0
5298,12297,4.2,2015.03.11 14:08,2.42E+22,105.124,0.04719947,16511.05,44.186,3361.771,70.186,0.0895184,52.372,117.728,0.27709234,5.44E+13,6.26E+13,7.81E+23,44.754,1382.05249,4.977,1682.142,0
5298,12297,2.7,2015.03.11 21:51,2.54E+22,109.386,0.05830004,18959.68,44.39,3894.999,77.205,0.09833068,52.999,123.545,0.17521118,5.61E+13,6.61E+13,8.98E+23,44.635,1385.953735,5.064,2078.28,0
5298,12297,1.2,2015.03.12 04:01,2.59E+22,110.163,0.0618707,21060.15,47.782,4241.828,79.692,0.09910719,54.518,126.409,0.28344649,5.78E+13,6.70E+13,9.89E+23,46.101,1367.356323,5.102,2188.676,0
5298,12297,1.3,2015.03.13 04:40,2.32E+22,109.689,0.06012075,18239.88,48.519,3571.779,79.114,0.10877275,56.193,120.277,0.23874843,5.19E+13,6.19E+13,8.35E+23,46.996,1389.48938,4.92,2072.963,0
5298,12297,1,2015.03.14 09:40,2.35E+22,112.708,0.04675806,15164.98,42.746,3055.749,74.337,0.08727562,52.717,119.878,0.37501171,4.64E+13,5.25E+13,6.92E+23,43.245,1431.439941,4.852,1606.607,0
5298,12297,1.2,2015.03.14 23:22,2.76E+22,104.879,0.03905259,11981.09,40.855,3397.321,64.984,0.08797835,50.573,111.685,0.35452622,5.72E+13,5.87E+13,7.14E+23,42.532,1412.157959,4.692,1752.563,0
5298,12297,1.6,2015.03.15 10:58,2.77E+22,105.59,0.02851996,11941.94,39.13,2877.018,61.962,0.0617587,48.644,111.511,0.32043982,4.92E+13,3.62E+13,6.70E+23,41.082,1400.352905,4.823,1204.911,0
5415,12320,1.4,2015.04.07 14:43,1.67E+22,113.766,0.00787489,5093.959,23.643,1475.78,61.431,0.02706918,43.104,115.254,0.22044127,3.25E+13,1.20E+13,2.01E+23,33.83,1251.948486,4.156,234.018,0
5446,12322,1,2015.04.20 07:21,8.39E+21,89.632,-0.0105154,2454.757,9.939,436.3,39.498,-0.02947941,30.523,94.18,-0.27653337,8.63E+12,5.84E+12,4.00E+22,24.274,151.323227,3.628,129.055,0
5446,12322,2.2,2015.04.20 11:57,1.23E+22,93.395,-0.01229435,3101.799,13.047,740.589,42.186,-0.02984137,33.333,99.204,-0.05220507,1.31E+13,1.03E+13,7.05E+22,26.019,252.85733,3.72,210.332,0
5447,12325,1.2,2015.04.20 22:01,5.07E+22,96.743,-0.0049745,4092.798,17.343,3003.038,43.537,-0.01637425,36.165,97.627,0.25970742,6.76E+13,1.40E+13,4.59E+23,30.243,2143.303955,4.053,419.843,0
5526,12335,1.3,2015.05.04 14:25,2.65E+22,100.319,0.00538627,7834.177,39.427,2207.644,60.568,0.01429537,49.472,103.763,0.15421073,4.91E+13,8.68E+12,4.63E+23,42.338,1241.187988,4.561,239.63,0
5526,12335,2.6,2015.05.04 17:24,2.52E+22,105.354,0.0058018,8447.712,40.166,2233.84,65.211,0.01411596,49.804,109.442,0.1241921,4.68E+13,9.59E+12,4.51E+23,42.409,1263.797485,4.498,233.215,0
5637,12360,1.3,2015.06.12 07:29,5.70E+22,82.488,0.00128533,3897.788,12.1,2835.275,37.319,0.00383563,31.916,87.984,-0.03162351,5.65E+13,1.70E+12,4.49E+23,26.183,1631.55188,4.462,111.481,0
5692,12371,1,2015.06.19 06:48,5.03E+22,84.406,-0.01005872,18649.46,51.975,3790.262,56.851,-0.01494257,53.73,95.842,-0.13598129,6.70E+13,2.36E+13,1.59E+24,47.933,1852.075806,4.995,644.16,0
5673,12367,3.8,2015.06.20 09:44,4.34E+22,109.424,0.00573801,5334.497,18.022,2990.72,52.363,0.01446581,36.47,114.836,-0.02510257,5.86E+13,2.13E+13,4.43E+23,31.039,1728.649536,4.532,358.677,0
5673,12367,1.1,2015.06.20 18:20,4.86E+22,99.811,0.00432562,4426.653,15.156,2896.809,45.61,0.0119043,34.685,104.311,-0.0543315,5.95E+13,2.04E+13,4.29E+23,29.415,1616.292358,4.443,315.878,0
